CSCI_275,CSCI_383,ARTS_323,MATH_397,ENTR_101
LATN_201
CHEM_254,NSCI_400
CSCI_342,CSCI_383,ATHL_147,ATHL_123
PHYS_054,HIST_482,ANTH_102,JAPN_454
CMUS_300,ENGL_294,CSCI_311,ANTH_102,ETHN_100,MHST_275,CSCI_343,APST_212
ENGL_301,ENGL_437,CSCI_151,CMPL_271,CMPL_330
CSCI_297,HIST_335
CSCI_241,CSCI_280,CAST_260,PSYC_218,JAZZ_150
CSCI_140
CAST_204,CSCI_331,PSYC_214
CSCI_210,CRWR_255,AAST_101,CINE_353,APST_141,SOCI_282,POLT_238
AAST_345,ANTH_372,CAST_216,CMPL_230,CMUS_105,ENGL_238,ENGL_351,HISP_340,HIST_225,MUTH_361,RELG_233,RELG_272
ATHL_119,ATHL_119,THEA_341,APST_208
PHYS_242,ASTR_302,ATHL_328
PSYC_301,PHIL_220
ARTS_053,ECON_231,ECON_253
OPTH_404,OPTH_406,DANC_290,MHST_338,PVST_002,OPTH_400
PHYS_410,CSCI_280,PHYS_555,AAST_171
ENVS_304,ENVS_324,POLT_237
MATH_356,MATH_350
ENGL_338,DANC_207
HIST_108,CSCI_364
POLT_309,CRWR_311,CRWR_485
POLT_226,ECON_206,ECON_095
ANTH_402,JAPN_302,NSCI_365,CSCI_150
ECON_207,STAT_237
CINE_350,DANC_113,CINE_399
POLT_238,POLT_276,POLT_277,RELG_215,SOCI_301,SOCI_302,ENGL_141,ARTS_100,ARTS_150,ENVS_223,ENVS_390,ECON_207,ARTS_150,ARTS_151,GEOL_115,GEOL_235,HIST_110,POLT_211,POLT_264,POLT_272,ENVS_219,RELG_216,ANTH_293,POLT_232,POLT_278
THEA_232,THEA_252,THEA_301,CRWR_220
ATHL_117,ATHL_144,GSFS_500,ARTS_040,CRWR_995,POLT_209
CLAS_112,RELG_402,RELG_208,CSCI_151,FREN_363
ENGL_309,ANTH_291,CAST_256,DANC_221,ENVS_206,HIST_253,HIST_268
PSYC_215,PSYC_220,HIST_313,NSCI_201,NSCI_211,BIOL_200,PSYC_211
COGS_101,CHEM_101,CHEM_101,CHEM_101,CHEM_101,CHEM_101,CHEM_101,AAST_158,THEA_172,GEOL_120,GEOL_122,HIST_101,HIST_121,HIST_162,HIST_206,GERM_101
LATS_400,ENTR_110,BIOL_087
CSCI_311,CSCI_342,CHIN_202,CSCI_280,CSCI_357,EAST_120,CHIN_201,CSCI_364,CSCI_995,HIST_105,CHIN_102,ENVS_101,CHIN_101,MATH_220,TECH_101,CMUS_100,CSCI_151,MATH_231,PHYS_111,CSCI_150,FYSP_143,PHYS_103,CSCI_321,CSCI_383,CSCI_331,ECON_101,CMUS_130
ENGL_306
ECON_245
RHET_301,PHYS_104,BIOL_301,BIOL_302,PHYS_104,ATHL_404
CHEM_213
SOCI_428,CSCI_150
CHEM_374,CHEM_525,HIST_293,HIST_314
CMPL_350,RELG_202,SOCI_241
HIST_122,STAT_114,EAST_383
APST_260
NSCI_400,PHYS_104,APST_141,FREN_309,NSCI_607,JWST_208,RELG_226,ENGL_255,ATHL_119,MATH_220
RUSS_221,DANC_214
MATH_234,MATH_301,PHYS_212
ECON_096,AAST_101,CINE_267
HISP_325,ECON_429,HISP_402,ECON_255,HISP_500
BIOL_312,ENVS_327,RELG_284,CRWR_230,FREN_321,PHYS_103
NSCI_361,NSCI_400
PHYS_103,SOCI_124,BIOL_318,ATHL_123,ATHL_180,ATHL_180,CHEM_374
ENGL_226,DANC_100,DANC_105,HIST_223,HIST_231,ARTS_052,ARTS_326,CLAS_112,JAZZ_100,CNST_130,CNST_200,ATHL_100,ATHL_102,ATHL_124,THEA_253,THEA_270,THEA_425,THEA_425,CMUS_300,THEA_348,ENGL_348,ENGL_112,ATHL_120,ATHL_120,ATHL_120,ATHL_144
ETHN_213
CRWR_321,ARTS_431
MATH_397
JAPN_402,EAST_122,ENVS_340
ARTS_088,RELG_405,SOCI_338,CAST_100,CRWR_240,RHET_207
CHEM_051,APST_209
POLT_414,ECON_414,ECON_227
AAST_072,CHEM_254,CHEM_341,CHEM_405,ENVS_201,HISP_303,MATH_231
NSCI_337,NSCI_338,PSYC_216,HIST_485,PSYC_590,APST_140
ENGL_310
ARTS_078,ARTS_063,MATH_331,APST_214
CHEM_101,NSCI_320,ENGL_207,BIOL_100,BIOL_100,CHEM_102,CHEM_102,POLT_114,HISP_202,RHET_401,FYSP_180,RELG_304,CMPL_250,GSFS_231,HISP_203,GSFS_201,CMPL_350
AAST_117,HIST_385
ATHL_117,RHET_204,SOCI_241,CAST_235
MUED_502,MUED_504,MUED_508,MUED_511
EDUC_300,ARTS_095,ARTS_095
PHIL_216,MATH_231,PVST_006,MHST_290,MATH_232,APST_312
JAZZ_700,HIST_103,HIST_300,PVST_031,JAZZ_803
BIOL_407,GEOL_122
MATH_327,RELG_233,RELG_249,RELG_401,RHET_401
HIST_180,HIST_270,POLT_202
ENVS_316,SOCI_321
CSCI_241,CSCI_275,CSCI_361
POLT_313,POLT_404
PVST_002,LANG_201,MHST_332,FREN_404
MHST_255,ATHL_182,CNST_110,APST_709,APST_730,APST_804,PVST_051,PVST_051,PVST_012,POLT_107,ATHL_128,ATHL_163
FREN_103,PSYC_100,RELG_101
POLT_203,AAST_131,JAZZ_290,PHYS_051,ATHL_144
ANTH_353,ANTH_103,MATH_030,CHIN_401
ENGL_353,ARTS_040,ARTS_058,ARTS_373,CRWR_280,CRWR_294,CINE_285
CAST_200,GEOL_120,HISP_304
PHYS_242,PVST_028
ARTS_304,DANC_340,PHIL_121,GSFS_210
TECH_350,THEA_314,DANC_175,ATHL_126
ARTS_299,ARTS_316
THEA_173
PSYC_204,ARTS_150,PSYC_215,FREN_101,NSCI_320,PSYC_218,PSYC_304,PSYC_302,PSYC_410,PSYC_608,ASTR_100
CHEM_205,CHEM_213,MATH_134,PHYS_111
PHYS_104,BIOL_336,PHYS_104,ENGL_269,NSCI_325
GERM_101
POLT_206,ENGL_393
JAZZ_380,JAZZ_700,CINE_392
POLT_329,CMUS_104
CMPL_351,CMPL_400
MHST_235,MHST_301,PVST_001,GERM_415
APST_211,APST_214,ENGL_140,JAPN_101,PVST_001,APST_113,ATHL_120
ARBC_202,HIST_471,SOCI_203,SOCI_303
ARTS_040,ARTS_040,ARTS_057,CLAS_203,CAST_235,CAST_211,ENGL_387,THEA_269
ARTS_355,POLT_200,SOCI_203,THEA_307,JAPN_102
POLT_305,CINE_322
DANC_394,DANC_300
CLAS_307,LATN_375
PSYC_220,PSYC_480,BIOL_315
ENGL_265,RELG_231,CSCI_150,ARTS_100,AAST_131,CRWR_360,CINE_211,CINE_280,CINE_290,TECH_202,ARTS_098,CRWR_490
PVST_011,APST_709,ATHL_117
POLT_275,POLT_231
CRWR_320,EAST_116
GEOL_240,GEOL_206,CHEM_051
STAT_113,ATHL_244,NSCI_400
DANC_100,CHEM_102,MATH_132,CHEM_102,CHEM_205,DANC_200,BIOL_100,BIOL_100,CHEM_102,THEA_100,CHEM_102,THEA_200,THEA_208,DANC_100,AAST_268,THEA_201,THEA_368,THEA_207,DANC_200
DANC_190,TECH_204,GERM_204,APST_724
HISP_324,PSYC_431,RELG_276
POLT_275
ANTH_278,ANTH_376,ARTS_012
PSYC_209,APST_700,PSYC_606
CHEM_374,ATHL_146,CHEM_525,PHIL_126
GEOL_123
CSCI_210,DANC_300
POLT_304,PHYS_110
PHIL_250,POLT_216,CSCI_150,CSCI_150,ENTR_110,POLT_413,PHIL_235
ENTR_100,ENTR_100,NSCI_105,PHYS_411
AAST_172,AAST_234
AAST_123,AAST_281,AAST_248,AAST_321
THEA_199,THEA_349,THEA_340,ARTS_045,ETHN_100,ARTS_150,ANTH_204,APST_235
JWST_205,GSFS_305,ATHL_600,ENGL_372,ENGL_448,ENGL_205
ASTR_100,SOCI_445,HIST_393,LRNS_114,ATHL_117,ATHL_128
ECON_322,HIST_122,HIST_213,SOCI_241,ECON_099,HIST_101,ECON_325,ECON_448,HIST_227
AAST_219,ARTS_053,CAST_100,CAST_203,CAST_267
PHIL_347,POLT_315,POLT_228
ARTS_338
POLT_260,RUSS_306,DANC_191,HIST_202,CINE_298,RUSS_411,ENTR_100,DANC_199,REES_392
GEOL_119,DANC_203,NSCI_319,ATHL_455
NSCI_327,NSCI_400
ENVS_302,SOCI_414,CHEM_101,CHEM_101,GEOL_115,ENVS_323,CRWR_230,ENVS_219
ENGL_265,ENGL_344,ENGL_352,ENGL_372,ARTS_020,ARTS_040,ARTS_151,CRWR_201,POLT_120,POLT_228,POLT_235,POLT_268,AAST_281,ENGL_310,ENGL_399,ENGL_315,ENGL_324,POLT_232,RELG_241,HIST_227,HIST_240,HIST_479
GREK_314,ANTH_204,CLAS_222
MLIT_221,FREN_101,BIOL_416,LANG_200,PVST_002,PVST_002,BIOL_336,APST_300
EAST_247,CSCI_151,EDUA_301,STAT_113
ARTS_095,ARTS_095,ARTS_070,AAST_258
JWST_258,SOCI_338
CMPL_350,CRWR_470,LATN_308
GEOL_120,ARTS_096,ARTS_339,POLT_230
NSCI_325,NSCI_400,ANTH_227
GERM_433,HIST_320,CHEM_102,CHEM_102,AAST_262,GEOL_120
APST_285,PVST_007,PVST_083
PHYS_068
HIST_208,POLT_239
AAST_229
SOCI_420,FREN_450
POLT_404,POLT_404,ATHL_182,ECON_231,HIST_104,PSYC_218,PSYC_218,STAT_113
EAST_206
GEOL_235,ACHS_300,HIST_501
CHIN_102,BIOL_102
PHYS_290,PHYS_412,PHYS_555
ENVS_302,ENVS_208,PHIL_200,CHIN_201
THEA_420,THEA_240,THEA_301,ATHL_117,ATHL_119
ENVS_201,ENVS_208,ECON_251,PHIL_225
ASTR_100,ATHL_117
RELG_401,APST_214
ARTS_152,CHEM_349,ATHL_127,CSCI_241,CHEM_327,ARTS_152,LATS_100,ARTS_399,CHEM_339
ARTS_060,CLAS_209,ARTS_462
SOCI_301,SOCI_302,SOCI_250,HIST_443,STAT_113,SOCI_431,SOCI_350,ENGL_378,POLT_269
CAST_400,CAST_447,ATHL_139,ATHL_181,AAST_172,CAST_338,ATHL_510,CINE_244
CRWR_280,GEOL_120,PHIL_126,RELG_235,ATHL_117,CLAS_103,RELG_322
AAST_101,ENGL_206,ENGL_242,ENGL_268,ENVS_201
SOCI_491
RELG_249,GSFS_216,GSFS_367,EDUA_312,BIOL_090,CRWR_110
ANTH_278,ENTR_110
CSCI_361,MATH_327,MATH_342,GEOL_120,CSCI_297,STAT_113,STAT_113
ENVS_390,GEOL_248,CHEM_101
ARTS_053,CINE_373,ATHL_120,ATHL_220,CINE_498
AAST_101,ANTH_210,ANTH_230,BIOL_202,CAST_100,CLAS_201,CMPL_200,DANC_100,DANC_195,ECON_101,ENVS_219,ENVS_231,HIST_162,HIST_250,MHST_101,POLT_203,POLT_208
CAST_501,ARTS_151,ATHL_455
AAST_236,CINE_295,CMPL_330,EDUC_300,RHET_204,RHET_305
POLT_301,POLT_275,PHIL_122
ENVS_225,ENVS_324,SOCI_284
GERM_102,HISP_414,POLT_409,HIST_427,HIST_406,HIST_357,HIST_163
BIOL_327
PHYS_111,CHEM_254,PSYC_214,NSCI_319,CHEM_211,CLAS_111,CSCI_150,CHEM_213
BIOL_213,CHEM_205,ECON_322,ECON_447,CHEM_205,ECON_317,ECON_408,RHET_103,BIOL_100,ECON_411,CHEM_254,BIOL_213,BIOL_213,BIOL_213,ECON_321,CHEM_254,BIOL_213,BIOL_213,ECON_491
BIOL_204
CAST_260,CMPL_370,RTCP_107,ENGL_360,ATHL_156
AAST_235,AAST_320,SOCI_431,SOCI_211
ATHL_147,PORT_101,JAPN_453,JAPN_455,JAPN_454,JAPN_456,EAST_401,ANTH_202,HIST_352,EAST_401
PVST_034,JAZZ_700,APST_141,CHEM_339
BIOL_416,BIOL_995,EDUA_312
ENGL_357,ENGL_450,ARTS_069,ENGL_399,ENGL_451,GERM_333
HLTH_032,MATH_132
HIST_206,CNST_202,DANC_390,ENTR_110,LRNS_101
STAT_113,NSCI_607,ATHL_454,NSCI_327,NSCI_324,NSCI_357,NSCI_358,BIOL_213,BIOL_213,ATHL_454
CSCI_341,CSCI_383,CSCI_401,ATHL_180,ATHL_600
MATH_050,ENTR_100
PSYC_306,ATHL_401
ARTS_057,ENGL_321,ENGL_343,ENGL_366,ENGL_383,RELG_208,RELG_102
POLT_306,POLT_326
RELG_328,ENVS_302,ENVS_208
APST_230,APST_300,PVST_002,CNST_200
BIOL_090,SOCI_275,HIST_338
PHYS_311,PHYS_414,DANC_303
CSCI_313,CSCI_321,POLT_227,AAST_125,ARTS_153,HIST_222,JWST_131,JWST_237,PHYS_052
BIOL_308,BIOL_312
ECON_255,HIST_293,ANTH_101,ATHL_127,POLT_119
SOCI_227
POLT_200,POLT_411,ECON_206,MATH_132,ENVS_322
BIOL_502
GSFS_339,CAST_311
POLT_219,THEA_340,THEA_425
POLT_404,GERM_101,PSYC_218,CRWR_330,CRWR_350
DANC_300,DANC_222,THEA_240
CINE_301
ANTH_101,ENGL_399
CAST_333
THEA_100,AAST_161,ANTH_202,APST_118,APST_230,ARTS_047,ARTS_057,ARTS_076,ARTS_084,CMUS_300,COMP_102,CRWR_228,MUTH_210,MUTH_232,MUTH_232,MUTH_232,MHST_353,JAZZ_100,JAZZ_110,JAZZ_121
ENTR_110,ANTH_204
CINE_328,CINE_324,HIST_285
RELG_343,APST_709,APST_800,PVST_001
JWST_320
ARTS_011,DANC_100,ARTS_058,ATHL_400
ECON_323,ECON_355,ENVS_306
PVST_001,MHST_226,HIST_479,HIST_502
MATH_327,CSCI_210,CSCI_275
ATHL_119,ATHL_119,ECON_441,POLT_242
RHET_207,HIST_291,GEOL_152
CSCI_333,HISP_202,MATH_232,MATH_327,CLAS_112
ARTS_205,POLT_271,ECON_491,HIST_393,POLT_409
CSCI_151,MATH_345,GERM_315
PHIL_121
CRWR_375,ENGL_400,CLAS_240
THEA_268,THEA_304,THEA_232
ENGL_330,ENGL_229
CSCI_150
ENGL_299,CHEM_045
ECON_255,PHIL_220,ATHL_100
HISP_203,HLTH_032,CHEM_050
ECON_255,MATH_231,CRWR_110,ARTS_045,ECON_204,ARTS_040,SOCI_130,CAST_260
SOCI_284,ENVS_201,ACHS_400
MATH_328,MATH_331,CSCI_333,CSCI_374
GEOL_201,GEOL_320
AAST_240,ECON_101,POLT_100,POLT_110,SOCI_122
AAST_281,CHEM_045
PSYC_218,MHST_275
THEA_174,THEA_264,RELG_329,THEA_199,ENGL_259,ENGL_323,MHST_101,MUTH_101,MUTH_131,MHST_101,MHST_235,MUTH_101,MUTH_131,ECON_101,AAST_281,APST_748,APST_843,CINE_284,DANC_200,EDUA_312,ARTS_309,ARTS_310,ECON_099,THEA_317,THEA_328
NSCI_321,NSCI_607,PHYS_104,PHYS_111
NSCI_400,PSYC_305,CSCI_150,ACHS_400
ENGL_400,ANTH_382,APST_701,ENGL_299
RUSS_203,ECON_102
CSCI_401,MATH_343
PHIL_201,PHIL_232
ENGL_450,FREN_411
JWST_235,PHIL_227,APST_204
ATHL_244,HIST_251
BIOL_213,POLT_120,NSCI_211
ENGL_366,MHST_332
CHEM_254,BIOL_311
LANG_201
CAST_117,ARTS_065,HIST_105,HIST_109,HIST_170,LATN_101,RHET_110,ANTH_438,ECON_099
CSCI_210,CSCI_275,ATHL_180
CINE_111,CSCI_299,DANC_105,PSYC_206
PHYS_110,MATH_231,PHYS_110
ARTS_095,ARTS_095,GERM_102
CHEM_102,CHEM_102,CHEM_205,PHIL_204
ITAL_101,ARTS_065
GEOL_242
MHST_226,APST_111,HIST_208,PVST_004,PVST_055,CNST_130,ATHL_117,ATHL_124
LATN_102,CRWR_330,ENGL_228
ATHL_162,JAZZ_131
SOCI_250,GERM_203,JAPN_995,MATH_050,CMPL_502
CMUS_300,APST_261,APST_705
AAST_161,AAST_285,DANC_356,HISP_318
ENTR_110,ENGL_190,CRWR_470,RELG_218
ATHL_117,ENGL_343,ENGL_346
MATH_231
ASTR_302
ARTS_464,ATHL_117,RELG_272,POLT_216
CINE_255,CINE_322,CINE_354
BIOL_310
ARTS_379,CINE_995,ATHL_100,AAST_234,CNST_160,JAZZ_131,AAST_220
ETHN_211,MUTH_202,CRWR_260
RUSS_222,ARTS_058,ECON_101,ARTS_279,ARTS_095,ARTS_095
AAST_235,HISP_202
ENGL_275,CAST_202
HIST_253,THEA_380,JWST_231,RELG_226
PHIL_231
BIOL_200,BIOL_200,PSYC_218,CRWR_220,ANTH_353
FREN_408,PSYC_207,FREN_412,RELG_276
ECON_995,STAT_213,ECON_096
GEOL_158
CINE_290
PVST_046,JAZZ_995,JAZZ_995,PVST_068,NSCI_360,JAZZ_803,NSCI_357
NSCI_357
RUSS_446,TECH_202
PSYC_300,NSCI_332,BIOL_213,BIOL_213,PSYC_300,PHYS_104,PSYC_420,RHET_120,PSYC_306
ECON_404,RHET_301,CINE_243
STAT_336
CINE_284,HIST_487,ARTS_045,TECH_101,HISP_101
REES_351,RUSS_215,RUSS_305,ANTH_212
SOCI_222,SOCI_371
ARTS_065,ARTS_338,CINE_284,EDPR_102,EDUA_312
AAST_271,ENGL_229
ARTS_374,CRWR_212
CINE_301,CINE_324,CINE_375,ENGL_995,CMPL_203,AAST_101
CRWR_221,RHET_102,EDUA_320,ATHL_117
POLT_226,ARTS_089
CHEM_325,PHYS_111,CHEM_349,ATHL_127,STAT_113,ATHL_117,CHEM_213,ATHL_227
PHYS_412,ATHL_132
ATHL_123
CINE_360,CINE_995,ANTH_482,CINE_117
CHEM_205
PHIL_122,ATHL_144,ARTS_062
ENGL_448,GEOL_240,APST_748,ATHL_144,CMPL_202
APST_209
MATH_134,CAST_223,ENGL_267,HIST_103,PHIL_122,PHIL_126,STAT_114,PHYS_103,AAST_125,APST_110
PHYS_242,PHYS_414
PHYS_312,PHYS_290
HIST_277,GEOL_212,GEOL_242
MATH_356,PHYS_310
LANG_201,LANG_200,APST_300,GERM_204
ENVS_101,HIST_316,CAST_303,CAST_335
HISP_421
MHST_291,MUTH_361,APST_142,APST_140,APST_140,APST_140,APST_140,MUTH_318,ECON_251
BIOL_103,GEOL_120
ECON_253,LATN_101
ASTR_100,CMPL_250,CMPL_265,CHIN_457,APST_244
HIST_114
POLT_206,CRWR_244,DANC_127,EDUA_101,ENVS_336,ENVS_101,PSYC_218
BIOL_213,BIOL_213,STAT_113
ENGL_391
AAST_190,ATHL_117,POLT_133,SOCI_420
HISP_440,SOCI_491
ENGL_312,PHIL_216,ENGL_223,CRWR_230
HIST_121,ECON_101,HIST_211
BIOL_501
ARTS_098,CINE_290,MATH_335
ATHL_120,ECON_322,POLT_132,ATHL_203,ATHL_203
EAST_132
CINE_257,CINE_363
JAZZ_130,APST_802,JAZZ_301,APST_140,APST_140,APST_724,EAST_143,ATHL_100
CRWR_470,HIST_108
AAST_368,ECON_251,ANTH_101,CAST_240,CAST_256,MATH_131
NSCI_201,NSCI_211,CHEM_101,CHEM_101,CSCI_150,BIOL_227,BIOL_228,HIST_101,CHEM_205
CHEM_205
GEOL_204,GEOL_212,GERM_204
FREN_301,PSYC_216
RELG_202,CLAS_209,ENGL_112,MUTH_340,POLT_230
GERM_101,MUTH_232,PVST_002,APST_800,CNST_130,APST_700,LRNS_120
POLT_205,POLT_215,POLT_274,PSYC_216,FREN_352,FREN_206,FREN_206,CSCI_150,ANTH_102,ANTH_376,APST_150,ENGL_242,ENGL_265,HIST_163,CSCI_150,ENGL_299,ENGL_299,ECON_245,HIST_103,ANTH_204
APST_800,PVST_002,OPTH_400,OPTH_404,BIOL_090,PVST_002
CINE_295,JAPN_101,PHIL_215
ENTR_100
HIST_303,MUED_300,MUED_519,EAST_364,HIST_209,HIST_281
PHYS_054
ARTS_013,ARTS_040,ARTS_040,BIOL_200,BIOL_200,BIOL_200,CAST_100,CRWR_110,CRWR_450,DANC_127,DANC_132,ENGL_372,ENGL_399,ENVS_301,AAST_280
ETHN_203,ATHL_404,PVST_010,ATHL_149
CHEM_102
RTCP_308
ARTS_299,ARTS_020,CMPL_260,ENGL_290
PVST_002
APST_821,APST_825,PVST_018,MUTH_102,MUTH_132,MUTH_201,APST_821,APST_825,PVST_018,MUTH_231,TECH_170,APST_110
FREN_101,THEA_100,MLIT_220
ENVS_336
POLT_227,POLT_208,ATHL_203,ATHL_400
PHIL_235
FREN_301,RELG_262,HIST_224
GERM_433,PSYC_221,HIST_225,PSYC_420
CAST_447
CRWR_247,CINE_311
AAST_262,BIOL_100,BIOL_100
STAT_114,ANTH_416,STAT_114
CMPL_372,PHIL_126
PHYS_110,CHEM_211,PHYS_110,BIOL_403,CHEM_374,ACHS_300
CINE_398,CINE_995
ANTH_101,PHIL_126,PSYC_219
THEA_425,ATHL_120,ATHL_120
ARTS_012,ARTS_020,BIOL_304,BIOL_336,RELG_104,CSCI_150
FREN_206
AAST_220,DANC_277,HISP_101
DANC_100,ENGL_275
PVST_003,GERM_311,MLIT_214
CMPL_400,CMPL_402,DANC_303,RELG_234,DANC_214,THEA_307,CAST_267,RELG_233,RHET_303,ENVS_222,GSFS_321
ASTR_117,POLT_209,RELG_276
POLT_252,PVST_026
RELG_108,CAST_345
ARTS_302,ARTS_328,ARTS_355,HISP_317,CSCI_150,ARTS_011,PORT_320
ENGL_242,POLT_209,POLT_212,POLT_216,POLT_271,ENVS_340,AAST_321,AAST_229
PHYS_111,NSCI_319,MATH_220
CINE_290,CRWR_110,CRWR_118
CINE_361,CINE_250,ENGL_202,EAST_309
PVST_001,APST_261,ARTS_355
EDUC_300,RHET_305,ATHL_139,ATHL_180,ATHL_203,SOCI_314,SOCI_445
CHEM_254,PHYS_104,PHYS_104,ENGL_239
FREN_311,GEOL_201,ARTS_099
BIOL_203,PHYS_103
CINE_325,GERM_102
MATH_220,MATH_231,MATH_232,STAT_113,STAT_113,BIOL_305,BIOL_306,BIOL_307,AAST_101,GEOL_120,GEOL_120
ANTH_204,MUTH_202,MHST_275,APST_713,APST_712,FREN_309
SOCI_210,SOCI_275,RELG_250,RELG_258,RELG_262,RELG_270,PHYS_051,AAST_132,RELG_284
POLT_316,RUSS_204,RUSS_334
HIST_110,AAST_229,AAST_245,DANC_300,DANC_312
GERM_433,APST_140,CRWR_350
GEOL_164
APST_230
ARTS_040,ENGL_112,NSCI_201,PHIL_121
NSCI_400,EAST_152,EAST_120,APST_700
ANTH_258,ANTH_456
CRWR_110,ECON_209
HIST_102,POLT_238,HIST_213
CLAS_210
HISP_423
GEOL_111,MATH_220
CAST_223,CMPL_230,ECON_101
PVST_043,EAST_163
ATHL_126
OPTH_203,MUTH_232,PVST_002,RHET_102,LANG_101,MUTH_202
HIST_283,RELG_321,RELG_400,BIOL_031
HIST_473
NSCI_331
PSYC_300
FREN_371
ANTH_243,CAST_272
ECON_255,ECON_353
CSCI_365,MATH_335,MATH_340
PHYS_110
PHIL_352,RELG_226,ASTR_301,MATH_345,MHST_226,ARTS_388
CHEM_102,ATHL_182,GEOL_204
HIST_269,GERM_203,JWST_151
BIOL_090,BIOL_102,SOCI_335,HISP_203,CAST_235,ATHL_120
ENGL_299,HISP_102
PHYS_103,CHEM_374,CHEM_374
ENVS_201,ENVS_208,DANC_132,APST_130
PVST_004,PVST_005,APST_800
PSYC_200
THEA_200,JAZZ_120,FREN_301
MATH_342,DANC_221,HIST_110,POLT_130,SOCI_214
PVST_014,APST_709,GERM_102,MUTH_132,MHST_335
CRWR_320,AAST_281
CLAS_104,HIST_122,CINE_244
ENVS_222,HISP_303,GEOL_152,HIST_285
CLAS_226,ECON_101,GEOL_120,HIST_104,POLT_120,POLT_132,POLT_251,RELG_242
ANTH_251,CAST_100,CLAS_103,ENGL_123,FREN_301,FYSP_128,FYSP_134,PSYC_118
AAST_236,CAST_402,PVST_006
MATH_134
AAST_345,SOCI_282,CAST_201,AAST_072,SOCI_378
AAST_192
MATH_030
ENVS_315,ENVS_322
ATHL_407,PSYC_100
HIST_180,GEOL_120
DANC_307
ENGL_267,GSFS_305
HISP_202,ENVS_208,ENGL_255
FREN_102,ECON_207,CINE_245
POLT_402
JAPN_101,ECON_251,CHEM_211
NSCI_357,PHYS_103
SOCI_112,LATN_102
HIST_115,CMPL_200,POLT_110
PHYS_103,PHYS_103,BIOL_213,BIOL_213,BIOL_213
MUTH_361,MHST_334
EAST_362,HIST_207,HIST_226,HIST_239
MUTH_232
COMP_202
MHST_255,PVST_014,MUTH_325,APST_724,APST_804,APST_800,APST_800,JAZZ_100
MUTH_201,MUTH_231,PHYS_212,PHYS_212,PVST_001
PVST_001,MUTH_102,CSCI_151
GERM_101,ECON_242
NSCI_106
CHEM_102,EAST_152,ENGL_107,ENVS_101,GEOL_117
POLT_132
ECON_101,PSYC_200
ATHL_117,ATHL_117,ATHL_119,ATHL_119,LRNS_101
ECON_224
RHET_106,POLT_227,HIST_332,ATHL_144
EAST_118
FREN_103
ARBC_210
ENGL_381,HISP_306,POLT_430
AAST_101,AAST_191,AAST_350,AAST_378
EAST_122,ENGL_285,EAST_118
HISP_415,ARTS_049,HISP_316,ANTH_204,RHET_401,LATS_400,ECON_227,HISP_995,RELG_272
PHYS_310,PHYS_311
ECON_253,ENVS_390
NSCI_320,AAST_361,NSCI_324
HIST_423,EAST_362,ECON_224,HIST_406,POLT_119,SOCI_224,SOCI_254
GEOL_361,GEOL_503
ATHL_148
STAT_237
BIOL_203
POLT_322,MHST_255,APST_800
RHET_101,RHET_103,RHET_105,RHET_301,APST_142,HIST_285,HIST_317,CINE_267,JWST_152,JWST_353,CMPL_410,CMPL_350,MUTH_370,MUTH_448
PHIL_201
CHEM_045
ENTR_110
LATN_201,GERM_203,GERM_350,MATH_133
CSCI_995
BIOL_100,MATH_133,BIOL_100
PSYC_301,ARTS_451,JAPN_452,EAST_120
RELG_236
ARTS_200
ENGL_348
ARTS_200,HISP_304,HISP_304,THEA_207,THEA_318,ARTS_060,ENGL_277,HISP_317
GEOL_330,ITAL_101
AAST_290
ENGL_212,PHYS_068
ARTS_463,CRWR_340,CRWR_485
JWST_202
PHIL_210,ATHL_117
BIOL_103,ENVS_323
APST_111,ATHL_117
CINE_381,ENGL_301,CINE_348
ETHN_100
CINE_290,CINE_245
POLT_219,SOCI_214,SOCI_241,RELG_105,PHIL_121,PHIL_126,ENVS_222,ENVS_305,HIST_299,GEOL_240,ANTH_101
HIST_308
HISP_318
CINE_352
ECON_251,ECON_251,POLT_268,POLT_317
ARBC_211
RELG_282,CINE_118
POLT_321
ATHL_123,ATHL_151,LRNS_102
ANTH_281
NSCI_360,NSCI_361
LRNS_099
GEOL_158,HIST_444
PHIL_121
RELG_261
CHEM_101
CLAS_995
BIOL_100,RUSS_101,FYSP_074,BIOL_101,ENGL_206,BIOL_102
CHIN_401,FREN_373
POLT_132,POLT_210,POLT_315,HIST_109,HIST_270,HIST_454,EDUA_101,HISP_203,BIOL_218
JAPN_201,EAST_151
BIOL_306,BIOL_403,PHYS_110
GEOL_235
CHEM_211,RELG_346
MUTH_201,APST_214,MUTH_231,MUTH_231,MHST_235,MHST_322,APST_807
PSYC_204,PSYC_303,PSYC_304,MUTH_317,APST_260,EDPR_102
CAST_201,ATHL_127
AAST_202,CRWR_340,CRWR_995,POLT_309
ANTH_101,ANTH_103,JAPN_201
CHEM_349
STAT_113
CHEM_205
CSCI_140,MATH_231,FYSP_139,POLT_105,PHYS_110,MATH_133,MATH_134,MATH_234,PHYS_310,PHYS_311,PHYS_314,EAST_120
STAT_114,HISP_303
CAST_201,DANC_221
RELG_230
EAST_270,GEOL_120
ENGL_308,POLT_211,HISP_402,HISP_403,AAST_113
MATH_220
PHIL_206,ATHL_152,ATHL_252,CHIN_301
FREN_301,ARTS_343
MUTH_101,MUTH_130
MUED_510
ECON_255,ATHL_117,ATHL_131,BIOL_200,ENTR_110,PHIL_226,PSYC_214,HLTH_031
CSCI_311,ECON_219
PHYS_312,PHYS_314
CHIN_101
CNST_160,CNST_201,MHST_317,MUTH_318
MATH_301
MATH_131,RELG_102,ARTS_045
ARTS_073,DANC_100
MATH_329,MATH_353,PHIL_208
PHYS_110,MATH_134
ARTS_406,CAST_361,CRWR_110,CSCI_151,EDUC_300,STAT_113,ARTS_040,CAST_400,CAST_307
CSCI_150,CINE_111
JAPN_301,CSCI_259,CSCI_995,ARTS_058
CHEM_101,CRWR_110,CRWR_120
PVST_082
RELG_242,ARTS_100,ARTS_152,ENVS_101,CRWR_310,CRWR_320
MUTH_201
ECON_101,GERM_312
ECON_251
POLT_214,APST_713,APST_724,APST_804,PVST_013,MHST_290
ARTS_052,ATHL_127
MUTH_201,MUTH_231,APST_842,APST_140,CNST_200,APST_815
GEOL_206,GEOL_370,APST_749
HIST_105
HIST_256,PHIL_120,PHIL_200
CMUS_100
HIST_456,EAST_367
ARTS_069,ENGL_358,SOCI_125
CINE_320,APST_141,TECH_350,TECH_330
TECH_201
LRNS_100
PSYC_106,PSYC_108,ECON_099
PORT_101,BIOL_312,CHEM_339,PHYS_111
PHYS_212
JAZZ_290,ATHL_144,HISP_310
MUTH_326,COMP_201
CINE_324,CINE_394,JAPN_401
GEOL_501,ATHL_457
CHEM_254
ETHN_212,ENVS_316
ENGL_317
MHST_245,PVST_002,CNST_130
MHST_221,THEA_252,OPTH_305,PVST_002,THEA_301
APST_240
HIST_471
EAST_143,HIST_396,POLT_334
ATHL_127
LATN_101,THEA_174,THEA_319
HISP_335,EDUA_320,CHEM_045,SOCI_108,HISP_317,HISP_332,RELG_245
THEA_253,THEA_300,THEA_316,RELG_387,THEA_172,THEA_252,GEOL_120,ENGL_210,ENGL_282
PVST_002
PVST_001,MHST_101,MUTH_231,MUTH_201,MLIT_221
CRWR_475
CSCI_241,CSCI_280
AAST_161,GEOL_212
MATH_134
MATH_401
HIST_237
ENGL_437,NSCI_324
CLAS_104
ECON_452
HIST_101
LRNS_099
CSCI_151
CMPL_250,CMPL_265,AAST_231
THEA_304
PSYC_206,PHIL_234
ENGL_400
FREN_101,ATHL_180
PSYC_219
NSCI_211
HIST_107,RELG_217,ATHL_100,ATHL_120,ATHL_149
CHEM_101
PSYC_100
ECON_101,GEOL_120,HISP_202
PVST_007,DANC_262,APST_285,MHST_302,PORT_101
HIST_310
ATHL_152,ATHL_510
SOCI_256,RHET_201,ATHL_117
HIST_159
APST_802,PVST_009,APST_800,APST_808,APST_112
MUTH_231,MUTH_201,OPTH_202,APST_701
BIOL_100,BIOL_100,PSYC_100
SOCI_348,CAST_238
LRNS_099
ARTS_379,THEA_269,THEA_302
DANC_127,ATHL_127,PHIL_126
CNST_170,PVST_056
ENVS_316,RHET_104
GERM_101
MHST_101,JAZZ_995,BIOL_100,BIOL_100,ETHN_214,ENVS_101,JAZZ_302,BIOL_200,BIOL_200,PVST_036
BIOL_100,CHEM_211,CHEM_327
PHYS_314,GERM_101,PHYS_312
MATH_132
ENGL_363,ATHL_151
PVST_011
MUTH_201
AAST_172,PVST_043
BIOL_310,BIOL_502,MUTH_342
DANC_113
MATH_231
POLT_231
NSCI_607
ENGL_227
LATN_102,ATHL_126
NSCI_201
CRWR_310,POLT_105,POLT_214,CRWR_320,CMPL_200,POLT_226,CRWR_371,POLT_403,POLT_120
JAPN_101
DANC_200,DANC_300
PHIL_210
APST_311
CMUS_103,LATS_100
CHEM_101,HISP_101
CINE_290
HISP_304
APST_260
PHYS_111
HISP_309,PSYC_214
ATHL_138,ATHL_145,ATHL_161,ATHL_161,MHST_245,MHST_336,APST_140
GEOL_310,ATHL_244,GERM_305,MATH_232
JAPN_101,FYSP_193
MUTH_131
ARTS_315,GERM_305
ATHL_132,PSYC_200
CHEM_205
PSYC_100,BIOL_101,DANC_100,FYSP_130,PVST_052,APST_705,ENGL_262,POLT_120,RELG_108,PVST_052,ITAL_101,PVST_052,PVST_052,DANC_200,ITAL_102,PSYC_504,DANC_221,DANC_307,ITAL_203,PSYC_200,PVST_052,PVST_052
CMPL_400,CMPL_501,CMPL_995
POLT_202
HIST_131
CHIN_402,POLT_100,GEOL_115,PHYS_070,EAST_122,ANTH_321,ANTH_376,CMPL_200,FREN_413
ATHL_244,CAST_201,RHET_103,ENGL_190
EAST_121
NSCI_201,HISP_203,PSYC_303
ARTS_464
PHIL_201,CINE_394
LRNS_099,LRNS_101,LRNS_102,LRNS_103,POLT_430,POLT_269
ARTS_069
PHYS_212,BIOL_100,BIOL_100
BIOL_411,CHEM_205,THEA_260
CRWR_371
GREK_101
ENVS_502,ENGL_141,GEOL_204
SOCI_227,SOCI_342
GEOL_361
FYSP_134
ARTS_014,ARTS_060,ARTS_015
FREN_321,MATH_232,ENGL_218
FYSP_068,FYSP_078,FYSP_105,FYSP_132
CSCI_140,DANC_132
FREN_409
MATH_220
FYSP_065,ECON_101,MATH_220,ECON_245,RELG_263,HIST_104,ECON_209
FREN_312,REES_222,RUSS_222
CSCI_241
FREN_206
ARTS_150
RUSS_228,PHYS_104
AAST_122
POLT_403
CSCI_150
FYSP_128
BIOL_100,FYSP_134
FYSP_174
ANTH_341,ARTS_095,ARTS_095,ENGL_400
FYSP_119
ANTH_202,AAST_391,ARBC_101,ATHL_123,ATHL_123,DANC_100
POLT_203,GSFS_101,CSCI_150
NSCI_400,CSCI_364,NSCI_331
FREN_101
FYSP_097
NSCI_335,ECON_101,NSCI_336
CSCI_297
PHYS_212,ARTS_048,ARTS_020,ARTS_060,ARTS_154,ARTS_095,ARTS_095,MATH_350,ARTS_306,ARTS_357
CSCI_151,POLT_409
ARTS_305,POLT_329,HIST_203
RHET_101
BIOL_501
CAST_300,CAST_301,POLT_330
NSCI_400,ENTR_110,APST_843
ECON_326,CHEM_101,CHEM_101,APST_212
RHET_201,NSCI_360,PHYS_103,NSCI_400,POLT_277,PHYS_103,PHYS_104,HISP_303
AAST_280,EDPR_102,SOCI_428,ATHL_126,RHET_305
CLAS_217,HISP_304
FYSP_154
CAST_286,GERM_353
MATH_327
AAST_282,AAST_236
ATHL_162,HIST_121,RELG_231,ECON_096,ENTR_100,AAST_101,RHET_205,RELG_250
BIOL_416,HIST_492,HPRF_502
ENGL_379,CRWR_296
CHEM_103,ACHS_300
FYSP_131,EAST_131
FYSP_012,POLT_119,POLT_119
POLT_264,POLT_116,POLT_282,CAST_502,AAST_236
FYSP_063,FREN_321,HISP_203,PSYC_100,APST_140
POLT_325,POLT_328,POLT_330
AAST_101,GEOL_320,ANTH_203,HPRF_302
FYSP_061
MUTH_202,COMP_204,PVST_027,GERM_204
ENVS_101
ANTH_227,ANTH_491
ENVS_322,CRWR_310,RUSS_223,FYSP_134,CRWR_317,AAST_132,ATHL_116,POLT_211,ENGL_299,CRWR_450,ENGL_343,ENGL_360,AAST_281,POLT_120,FYSP_093,CRWR_485,CRWR_486,CRWR_490,CRWR_490,ENGL_357
CINE_302,ATHL_227
ARTS_440
FREN_102
AAST_302,CAST_223,ARTS_089,POLT_211,POLT_237,ARTS_473,ARTS_070,CAST_501,ANTH_202,ATHL_100,ATHL_120,ATHL_120,ATHL_149,DANC_267,HIST_215,HIST_238,HIST_308,AAST_220,ANTH_321,AAST_281,HIST_202,HIST_383,ATHL_142,ATHL_126,ATHL_120,ATHL_120
MUTH_361,ETHN_302,CSCI_401
ARTS_085,BIOL_103,GERM_204,HISP_404,HIST_212,HIST_285,HIST_324,HIST_347,HIST_351,HIST_493,ENVS_244,POLT_245,STAT_113,ENVS_322
FYSP_129
THEA_307,DANC_107,ARTS_045
MUTH_202,PVST_056
FYSP_060
ATHL_401
NSCI_400,CAST_995,ARTS_302,ATHL_162
ECON_326
HISP_306,ENGL_299,HISP_335,HISP_417,NSCI_201,POLT_263
RUSS_204,PHYS_051,PHYS_052
CHEM_205,CAST_237,ARTS_153,PSYC_100
FYSP_067
GEOL_204,APST_140,ENVS_324,ENVS_327
ATHL_117,APST_260,APST_712
ENVS_208
ENGL_299,CMPL_200
CAST_252,ATHL_452
GEOL_204
JAPN_202
ANTH_212
BIOL_306,CHEM_325,CHEM_995
PHIL_358,PHIL_201,ATHL_408,PHIL_220,LATN_101,HIST_106,PHIL_370
CSCI_275,CSCI_383,GERM_995,DANC_100
ENGL_315
AAST_227
MATH_134
CSCI_150,HISP_310,HIST_163,GEOL_361
CRWR_120,CRWR_201,HISP_309
MUTH_231
GEOL_122
CINE_320,TECH_101,ARTS_096,CINE_995,CMPL_202
CINE_375
BIOL_200
BIOL_213
RHET_105,POLT_110,EAST_121,CAST_216,EDUA_101,POLT_241,ECON_101
CRWR_201
COMP_203,DANC_210,ARTS_046,TECH_170,POLT_119,RELG_373,RELG_343
PHIL_210,PHIL_228,AAST_141
ANTH_456,ACHS_300,ATHL_131,ATHL_132
HIST_102,RELG_105,ECON_101,CRWR_120,PHIL_126
HIST_159,APST_560
FYSP_197
ECON_491,POLT_272,POLT_403
ARTS_040
HISP_334
CAST_342
PORT_101,PORT_102
BIOL_322
CHEM_213
GEOL_212,ECON_207,PSYC_207,ATHL_456,ATHL_459,SOCI_222,PSYC_302,CHEM_050,HIST_104
GSFS_261,AAST_172
HISP_412
GREK_101,ARTS_317,GREK_102,LATN_317,ANTH_103,CLAS_104,GREK_201,LATN_302,LATN_307,GREK_307,CLAS_103,RELG_209,LATN_308,LATN_401
FYSP_064
HIST_299,HIST_108,CRWR_260
ENTR_110,ENTR_110
MATH_305,ANTH_101,PHYS_411,PHYS_412,PHYS_555,PHYS_316,GSFS_101,PHIL_200,PHYS_410,PHYS_555
PSYC_305,GSFS_217
FYSP_057
ECON_491
HIST_277,ENGL_304,POLT_309,HIST_331,CAST_267
RHET_105
NSCI_337
ARTS_154,BIOL_202
CINE_298,CAST_211
ANTH_102,EDUA_320
RUSS_101,FYSP_089,RUSS_224
FYSP_143
ATHL_116,CSCI_210,CSCI_241,MATH_345,JAPN_102,ECON_251
POLT_421,CRWR_201,PSYC_108
POLT_336,CINE_290
HIST_500,ECON_209,EAST_367
FYSP_056
ARTS_150,ARTS_150,FREN_102,ATHL_132,ATHL_132
FYSP_066
POLT_239
ARTS_060,AAST_132
PVST_002,MUTH_102,APST_701,MUTH_132,APST_118,LRNS_101
FYSP_058
GERM_433,GERM_371,GERM_372,CMPL_400
FYSP_070
CSCI_280
ATHL_123,MUTH_132,MUTH_102,ETHN_213,MHST_255,PVST_052,MUTH_231,MUTH_201,ECON_101,ARTS_328,MUTH_232,SOCI_110,PVST_052,JWST_270,MHST_221,AAST_346,MUTH_362,ATHL_180,PVST_052
HIST_443,HIST_500,GSFS_316
GREK_102,CRWR_201,HIST_108,POLT_211
ANTH_204,CHEM_102
JAPN_454,JAPN_456,JAPN_500
RELG_226
RELG_109
HIST_282,POLT_263,HIST_239
FYSP_055
APST_802,PVST_010,ARTS_336,CMUS_100
GSFS_209,RELG_225,APST_212
POLT_246,ARBC_202,POLT_107
GEOL_235,HISP_410,GEOL_501,GEOL_230,GEOL_340,ANTH_212,ECON_231,ENGL_223,ENVS_101,ENVS_201,ENVS_230,ENVS_231,ENVS_316,ENVS_327,ENVS_337,ENVS_354,ENVS_390,ETHN_303,FYSP_042,FYSP_116,FYSP_165,GEOL_120,GEOL_152,GEOL_230,GEOL_235,GEOL_370,NSCI_108,POLT_256
PHYS_111,JAPN_102,PHYS_111,JAPN_201,CHEM_327,CHEM_374,EAST_121,CHEM_341,PHYS_242
PSYC_118,EAST_215,CRWR_360,CRWR_120,CRWR_320,GEOL_122,CRWR_120,ARTS_011
ITAL_203,BIOL_100,BIOL_100,ENVS_101,ARTS_150
GSFS_237
SOCI_252,SOCI_350
BIOL_200,BIOL_200
PSYC_118,PSYC_118,PSYC_118,PSYC_118
THEA_199
POLT_208,CRWR_371
FYSP_165
FYSP_072
RUSS_101
FREN_205
POLT_336
SOCI_301,APST_212
PSYC_200,ATHL_457,RHET_103
NSCI_607,SOCI_203,NSCI_607
ENVS_208,BIOL_103,ENVS_208,ENGL_223,HIST_501,GEOL_201,ENVS_390,ARTS_037,ARTS_038,ARTS_315,ARTS_050,ENGL_301
ARTS_461
EAST_122
ENTR_100,ENVS_204,ATHL_128,PSYC_214,ENVS_307,PSYC_580,PSYC_204,PSYC_303,ETHN_214,ENVS_337,POLT_271,ARTS_052,CINE_284
MATH_050
MUTH_132,JAPN_102,MUTH_102,PVST_006,APST_724
POLT_271,ARTS_052,SOCI_314
HISP_101,HISP_101,PSYC_218,ANTH_101
ENGL_393
PSYC_431,PSYC_500,PSYC_995
MATH_356,MATH_401
BIOL_308,ATHL_133,ATHL_145
GEOL_122
CHIN_456,CHIN_458,EAST_143,SOCI_200
STAT_113
PSYC_204,BIOL_100,NSCI_339,ETHN_303,NSCI_607,NSCI_361,NSCI_607,PSYC_306,PSYC_608,NSCI_607
JWST_101,GEOL_201,JWST_102,RELG_255,GEOL_501,JWST_150,RELG_153,JWST_274,LRNS_130,JWST_231,JWST_256,JWST_357,LRNS_131,JWST_281,JWST_110,JWST_272,JWST_995,RELG_401,ANTH_203,JWST_151,JWST_292,JWST_995,RELG_210,CRWR_340,JWST_205,CAST_403,RELG_231,RHET_205,RELG_232,GSFS_419,JWST_193,JWST_500
ATHL_152
AAST_235,ENVS_101,PHIL_126,PHYS_314
MATH_220
STAT_113
FYSP_119
GSFS_305,GSFS_400,DANC_200,CAST_243,ENVS_225,AAST_347,DANC_395,DANC_200
GEOL_201,CHEM_208,GEOL_425,CSCI_150,GEOL_206,CHEM_205
BIOL_322,MATH_220,GEOL_501,ENGL_229
SOCI_224,SOCI_303,SOCI_218,SOCI_275,ENVS_323,HIST_226,HIST_256,POLT_202,POLT_228,RELG_245,POLT_210
ECON_491
CSCI_151,POLT_120
PHIL_345,MUTH_317,PSYC_218,POLT_112
PVST_002,APST_110,MUTH_101
OPTH_203,PSYC_470
CAST_335,RUSS_446,THEA_277
MUTH_131,MUTH_101
BIOL_203,CHEM_102
JAZZ_202,MUTH_202
MUTH_232,PVST_005,APST_800,MUED_103,APST_724,PSYC_216,HISP_337
BIOL_100,BIOL_100,CHEM_205,POLT_402
AAST_337,DANC_262,POLT_260,GEOL_120
BIOL_100,BIOL_100
JAZZ_120,CRWR_311
APST_110,MUTH_101
ECON_227
PHYS_103,BIOL_213,BIOL_213,NSCI_201
DANC_300,BIOL_318,CHEM_374
FYSP_190
BIOL_200,RHET_103,RUSS_225,CINE_115,BIOL_202,CHEM_101,POLT_119,POLT_132,POLT_205,POLT_219,SOCI_125,SOCI_230,RHET_401,RELG_348,RELG_272,RELG_208,CHEM_254
FYSP_066,MATH_030
CHIN_202
CSCI_151,RELG_232
AAST_244,AAST_231,AAST_227
ITAL_203,CAST_223
DANC_112
ENGL_209,ARTS_152
CRWR_201
EAST_383
AAST_231,ARTS_100,ATHL_117
CSCI_151
FYSP_054
FYSP_183
AAST_234
MATH_133
FREN_423
ECON_253
ENGL_290
PSYC_200,APST_705,APST_808,TECH_101,MUTH_132,PORT_330,MUED_506,MUTH_102,MUTH_202,PSYC_301,PSYC_430,HISP_401,COMP_101
MATH_232
ENGL_252,ENGL_275,HISP_318
CRWR_470,ENGL_265
ENGL_378,THEA_222
CMPL_265,POLT_331,GERM_203
ECON_340,RELG_236
SOCI_391,CAST_300,CAST_301
PVST_004,APST_244
HIST_162,JWST_131,RELG_153,RELG_205,RELG_251
THEA_300
ENGL_349,AAST_213,CLAS_201
GEOL_120,ENVS_201
POLT_421,CHIN_402,POLT_422,CHIN_453,ATHL_510,CHIN_454,EAST_152,EAST_221,STAT_113,POLT_313
MUTH_102,MUTH_102,MUTH_102,MUTH_102,MUTH_102,MUTH_102,MUTH_132,MUTH_132,MUTH_132,MUTH_132,MUTH_132,JAZZ_100
APST_709
MUTH_202,APST_351,MHST_275,MUTH_232,PVST_027,MUTH_362,ITAL_101,COMP_350,ITAL_102,PVST_027,MUTH_344,MUTH_415,COMP_350,APST_995,PVST_027,PHYS_054,APST_709,MHST_255,PVST_027,APST_995,MUTH_370
ATHL_180,ENTR_110
ARTS_321
ENVS_354
ECON_219
MHST_255
POLT_313
PSYC_200,ENGL_253,SOCI_229
PVST_027,PVST_051
ARTS_078,ARTS_300
PVST_002,CNST_171,MHST_995
MUTH_131,MUTH_101
ATHL_128,APST_709,ATHL_203,PVST_004,PVST_055,CNST_200
PVST_052
HISP_310,ATHL_126,ATHL_127,PSYC_480,PSYC_570,PSYC_608,PSYC_608
MHST_316,OPTH_203,PVST_002,COMP_100,MUTH_231,MHST_359,PVST_051,APST_560,APST_843,APST_351,PVST_002,APST_800,APST_272,PVST_051,OPTH_400,PVST_002,PHIL_122,APST_843,MHST_275,MHST_351,PVST_002
CMPL_502
CHEM_102,AAST_123
POLT_122,ANTH_101,PHYS_068
ATHL_600
POLT_411,ENVS_337,AAST_281,POLT_208,HIST_260
PHIL_235
BIOL_501,HIST_461,HISP_101
HIST_125
CSCI_150
THEA_199,THEA_236,THEA_341
RELG_307
DANC_221,ATHL_117
ARTS_045,ARTS_058,SOCI_314,RELG_367,RELG_308
ENGL_254,CINE_298,EAST_272
ENGL_260,POLT_404
HIST_472,POLT_282,HIST_289
CHEM_254
BIOL_406
CINE_363
PHYS_111,DANC_207,CHEM_325
SOCI_461
PHYS_068,HIST_283
PSYC_207,DANC_207
ATHL_510,HIST_103,HIST_460,HIST_207,HIST_325,ARTS_324
LANG_200,PVST_002,MUTH_102,OPTH_203,APST_213,APST_805,ITAL_101,LANG_100,APST_701,APST_110,MUTH_130,ENGL_363,AAST_378,PVST_002,MUTH_202,OPTH_306,AAST_248,ENGL_372,PVST_002,MLIT_221,ENGL_995,LANG_201
HIST_122,ARTS_032
ATHL_180,GEOL_501
HIST_502
ANTH_101,SOCI_215
PVST_043,CSCI_241,POLT_133
PSYC_420
SOCI_270,SOCI_491,SOCI_403,HIST_459,CINE_119,HIST_308,HIST_385,STAT_113,ATHL_143
ASTR_100,GEOL_120,ENGL_258
HIST_260,CHIN_402
PVST_043,PVST_081,ARTS_995,APST_805
BIOL_100,BIOL_100,PHIL_126,FREN_206,FREN_206
MUTH_101,MUTH_131
APST_140,BIOL_323,BIOL_324
EDUA_320,ENTR_100,HIST_279
CNST_160
ARTS_373,ARTS_309,RHET_305,ENTR_110
JWST_291
APST_140,PSYC_430
RTCP_307,PSYC_995
EDUA_101
BIOL_307
CHEM_339,CHEM_526
RUSS_204,RUSS_333,BIOL_323
CAST_100,CINE_290
HIST_125
RELG_236
PSYC_211
ECON_101,ECON_101,EDUA_101
POLT_409,CAST_340
FYSP_183,PVST_008
RELG_402,RELG_248,ATHL_117
PSYC_300,PSYC_606
HIST_427
CINE_242,BIOL_304,NSCI_211
ATHL_405
APST_212
GEOL_501
GERM_204
PHYS_311
CHEM_349,CHEM_361,MATH_301,BIOL_213
CHEM_102
AAST_328,ATHL_151
CSCI_995
ARTS_057,ARTS_058,HISP_203,HISP_304,HISP_304
APST_730,ECON_253,RUSS_306,APST_730,CNST_170,ECON_255,MATH_133,APST_730,ATHL_152,APST_730,ECON_491,POLT_216,RUSS_411,APST_730
GERM_102
BIOL_213,CHEM_254
APST_215,PVST_001
APST_705,ENGL_325,ENGL_360,ENGL_388,RUSS_204
ATHL_128,APST_113
ARTS_032,ATHL_120
BIOL_213
RUSS_332,PSYC_219
APST_815,PVST_026,MUTH_232,PVST_077,PVST_080
RHET_103
BIOL_213
NSCI_331
ITAL_102,BIOL_200
RUSS_306
DANC_394
ECON_253,HIST_284,MATH_134
CSCI_150,HISP_101,SOCI_222,SOCI_277,SOCI_122,CAST_211
ENGL_403,GERM_334,ENGL_322
ATHL_244,CMPL_402,CMPL_403,HISP_341,HIST_402,RHET_303
ECON_245,RHET_208,HIST_302
ARTS_300,ECON_320,ECON_324,ECON_333,ECON_452,POLT_305,POLT_308
NSCI_211,MATH_131
MATH_134
ARTS_301
RHET_995
CHEM_526,CHEM_341
CRWR_272,PSYC_415
CLAS_222,GREK_202
MHST_255,APST_111,MUTH_202,APST_800
ATHL_120,ECON_209
ATHL_129
AAST_194,APST_111
APST_111
POLT_313
APST_120
ATHL_124,ANTH_227
PVST_002,ATHL_100,APST_142
HISP_202
MUTH_232
ENGL_370,CLAS_111
RHET_401,ARTS_045,ATHL_133,ATHL_133
GERM_204
PVST_004,APST_800,ATHL_600,ATHL_600,PVST_070
PVST_005,APST_800,APST_111
ATHL_156,ATHL_408
POLT_202,POLT_317,POLT_371
HIST_288,APST_361,APST_995,PVST_003,MHST_238
THEA_208
PORT_101
PHYS_104,CHEM_339
ENGL_282,THEA_253,CMPL_347
ARTS_096,CINE_298,CAST_345,ENGL_142
HIST_106
ECON_491,MATH_335
HIST_464
GEOL_315
JAZZ_151,HISP_102,JAZZ_803,MUTH_201,MUTH_231,PVST_028,PVST_051
ARBC_101,RUSS_203
DANC_332
APST_285
CMPL_391,REES_221,RUSS_332,RUSS_305,ENGL_323,RUSS_306,FREN_422,CMPL_400
RTCP_308
NSCI_358
SOCI_130
THEA_309,CRWR_317,HIST_334
PHYS_111,MATH_220
ENGL_299
MHST_291,APST_730
MUTH_102,MUTH_102,MUTH_132
DANC_350
ENGL_275,APST_284
PHYS_103,BIOL_100,RELG_281
MHST_337,TECH_202
BIOL_501,MHST_221,MHST_336,BIOL_502
APST_821,APST_825,PVST_068,APST_808,PVST_018
DANC_201
JAPN_202
DANC_274
JAZZ_995,LANG_201
CRWR_212,ENGL_400
CRWR_470
BIOL_213
MATH_317
CRWR_360,POLT_279,ENGL_385
RELG_107
THEA_174,THEA_341,PVST_002,DANC_240,PVST_002
CHEM_254
APST_822,MHST_341,MUTH_352,MUTH_342
APST_350,APST_208
CAST_382,AAST_361,CHIN_401,JAPN_101,CAST_100,CHIN_500,CHIN_402,CAST_201
DANC_100,ARTS_348
APST_112,APST_451,PVST_001
ITAL_102
ATHL_133
LATN_315
RHET_204
LATN_401,GREK_202
ATHL_144,ATHL_147,FREN_203,THEA_270
GERM_101
ANTH_204,ATHL_332
BIOL_310,BIOL_336
MATH_231
CLAS_111,RELG_270
ATHL_197
THEA_328
MATH_358,PHYS_411
LANG_101,LANG_200,OPTH_203,MUTH_232
CINE_399
CMPL_370,POLT_250
ENGL_299
PVST_007
PSYC_200
HIST_306,POLT_211
RELG_281
SOCI_284,RELG_355,RHET_307
RUSS_102
LANG_101,PVST_002,ATHL_182
PVST_002,MUTH_232,RELG_285,MUTH_202
ENVS_301
DANC_212
ECON_211,PVST_081
ATHL_457,NSCI_339
CINE_335
DANC_105
MHST_275
CRWR_220,THEA_269,THEA_301,RELG_225,CINE_295
THEA_260,THEA_199
RELG_118
ARBC_202
ENGL_375
EAST_272
HISP_454,HISP_500
PVST_051
APST_214
BIOL_315
COMP_202
PVST_032
RELG_275
ENGL_252
GREK_202,BIOL_200
DANC_105
JAZZ_291,JAZZ_121,PVST_035,JAZZ_803,MUTH_132,MUTH_102,CSCI_280,JAZZ_201,JAZZ_803,MUTH_201,MUTH_231,CHIN_101,PVST_035,MUTH_232,JAZZ_700,PVST_035,CHIN_102,CSCI_343,HIST_367
PVST_002,PVST_051,POLT_238,POLT_100
APST_714,PVST_013,APST_804,HISP_101
JAZZ_121,MUTH_202,MUTH_232
APST_213
THEA_212,THEA_213
ENTR_110,HIST_109,OPTH_406,PHIL_200
ARTS_429
FREN_401,FREN_402,CHEM_361,FREN_408
ENVS_322
SOCI_288,SOCI_491,ATHL_124
ENVS_231,PSYC_214,PHIL_206,FREN_301,FREN_205,RELG_281,RELG_284
ECON_452
PVST_002,APST_213
PHIL_201,ATHL_126
APST_713,APST_804
CINE_384
RHET_104,HIST_253,PSYC_420,ECON_231,PSYC_215
TECH_300
HIST_403
ARTS_040,HISP_309,HISP_336
ARBC_202
MHST_290
RELG_207
DANC_303
HISP_445
FREN_372,ARBC_102
MUTH_232
POLT_319
JAPN_302
ATHL_133,ATHL_133,ATHL_123,APST_209
RELG_402
ECON_101,CINE_284,EAST_206,JAPN_201,JAPN_202,EAST_205
CLAS_104,ATHL_454
JWST_132
DANC_191,HPRF_111,RELG_317
BIOL_221,RHET_205,HISP_317,HISP_354,CAST_211,CAST_217
AAST_368,SOCI_262
PHYS_414
EAST_132
DANC_100
HISP_102
NSCI_350
OPTH_405,PVST_002,APST_800,MUTH_202
HIST_233
RELG_367,FREN_304,SOCI_303
MATH_350
CAST_100
ATHL_126
POLT_308
ECON_491
POLT_235,HISP_203,FREN_101,HISP_304,HISP_306,SOCI_314,STAT_213
PHYS_104
APST_701,APST_260
NSCI_607
APST_600
CINE_116
BIOL_213,ATHL_404
CSCI_313,ETHN_213
ENVS_309
PORT_310,ARTS_346,MHST_353
EDPR_102
MATH_302
ECON_096,ECON_096,MATH_232
PVST_002,ARTS_450,OPTH_405
PSYC_303
PSYC_608
DANC_211,CHEM_995
MATH_327,CHIN_102
PVST_005,MHST_337
MUTH_315,APST_712
APST_804,ECON_101,APST_724,PVST_012,MUTH_314,APST_800,PVST_012,PSYC_530,APST_709,MATH_134,PSYC_530
DANC_303
CRWR_995,ENGL_453
JAZZ_131,JAZZ_700
PVST_002,POLT_231,PHYS_052,MUTH_102,MUTH_132,RELG_258,MLIT_220,MUTH_201,MHST_101,PVST_002,APST_704,MUTH_231,PVST_002,LANG_101,LRNS_901,APST_212,MHST_101,PVST_002,OPTH_406,MUTH_201,MUTH_231,MHST_255,APST_213,MUTH_232,MUTH_202
MATH_301
APST_300
CINE_399
ENGL_400,ENGL_258
LATS_100
POLT_320,ARTS_079
ENGL_299
RELG_270,ATHL_117
ENGL_209
ENVS_201,EAST_280
GSFS_202,PSYC_200,POLT_304,ECON_101,PSYC_300,PSYC_431,PSYC_520,JWST_258,PHIL_229,POLT_422,GSFS_306,POLT_232,JWST_208,CAST_235,CAST_443
ENGL_316,ARTS_427,ARTS_457,ENGL_228,CINE_331,CINE_202,ARTS_342,ARTS_387,ARTS_096,ARTS_098,AAST_265,THEA_173,ARTS_040
APST_804,APST_800,APST_714
APST_726,HIST_160
ENVS_231
ANTH_237,SOCI_302
COMP_204,COMP_350,PVST_051
ATHL_144,ATHL_600
JAPN_401,APST_700
ANTH_101,BIOL_100,BIOL_100
CSCI_341
PVST_088,MUTH_232
EAST_325
ATHL_100
RUSS_411,RUSS_227,HIST_490,RUSS_446,EDUA_101,HIST_495
ATHL_139,ARTS_071,DANC_161,ENVS_101,PHIL_121,PHIL_121,PHIL_126,PHIL_126
DANC_161
ENGL_380
APST_726,PVST_055
ENGL_299,ENGL_315,ENGL_250,CMPL_327,DANC_100
BIOL_311
PSYC_100,MATH_234
POLT_280
RELG_241
CSCI_383
COMP_332,MHST_291
ATHL_198,ATHL_600
HISP_304
ENGL_251,GERM_312,MATH_335,BIOL_200,PHYS_104,PSYC_216
CHIN_500,POLT_212,RELG_321,APST_280
SOCI_491
FREN_320,POLT_403
AAST_390
MATH_353
MHST_245,MUTH_201,MUTH_231
GEOL_206,CHIN_201,EAST_163,CHIN_202,GEOL_310,ARTS_312,CHEM_102
OPTH_405,PVST_002,MHST_336
APST_111
PVST_001
CHEM_102,CHEM_102,NSCI_331,NSCI_332,BIOL_213,HISP_328,HISP_310,CHEM_254
LRNS_102
HIST_132
HISP_102
PHYS_312
AAST_264,CAST_443,CMPL_230,CRWR_201
ENGL_227,ENGL_299
PSYC_106
CLAS_112
PSYC_100,HIST_407
MHST_101,JAZZ_130
ITAL_101,LRNS_101
TECH_350
BIOL_213,EAST_132
CINE_311
RELG_256,ENGL_254,ENGL_277
CMPL_365,RUSS_221,POLT_331,LEAD_160,PHYS_052,ATHL_126
CSCI_151
POLT_245,POLT_100,POLT_244,CSCI_150,ATHL_146,ECON_355,ARTS_410,ECON_409,PHIL_231
ECON_219,PSYC_606,ECON_317
RELG_130
AAST_131
CAST_447
JWST_258,HIST_494,ENGL_375,GSFS_201,ENGL_238,APST_705,DANC_275
FREN_103
THEA_207
RELG_401,ARTS_040,ATHL_126,ATHL_244
PVST_043,AAST_171,TECH_350,TECH_350,PVST_043,APST_805
HIST_244
THEA_201
SOCI_340
ATHL_127
ATHL_338
ARTS_452,ARTS_098
HISP_101,HIST_172
PVST_009
JAPN_101,CHIN_101
RUSS_226
ATHL_244
RELG_402
ARTS_599
PVST_002
APST_712,APST_805
MUTH_202,APST_282,PVST_005
MATH_131
PVST_035
MHST_245,MHST_301,MUTH_326,APST_724
TECH_202,TECH_202
BIOL_100,HIST_160
OPTH_306
PSYC_540,PSYC_606
ANTH_321,ATHL_133,BIOL_213,CHEM_213,CMUS_100
DANC_190,NSCI_211,PSYC_214,BIOL_213,BIOL_213,NSCI_357,NSCI_358,ATHL_133,ITAL_203,HISP_203,NSCI_325,NSCI_327,NSCI_400
CHEM_361
CMPL_381
NSCI_337
JAPN_101
MUTH_201,COMP_203,COMP_350,POLT_232,CMPL_372
CLAS_210
ARTS_076
MUTH_101,APST_110,APST_730
DANC_271,GEOL_120
PVST_034
PVST_027
DANC_190
ATHL_453
ATHL_163,LRNS_099,ENTR_110
THEA_175
MUED_100
PHIL_315
JAZZ_291
DANC_201,DANC_303,CAST_100
POLT_210
BIOL_200,BIOL_213
CHEM_339,PHYS_104,ATHL_400
ARTS_154
CHEM_101,CHEM_101
CHIN_302
OPTH_202,DANC_113
MHST_290,MUTH_415,MUTH_262,JAPN_401,TECH_201,TECH_203
PSYC_520
PHIL_375
HISP_202
EAST_308,JAPN_101,SOCI_277,JAPN_102,RUSS_222,JAPN_401,ECON_253,ECON_331,JAPN_402
ATHL_995
DANC_100,ATHL_460
RELG_235
AAST_232,THEA_281,AAST_502
AAST_072
BIOL_411,PVST_051
ATHL_127,ATHL_203
HIST_132
PVST_002,APST_213,MUTH_232,MUTH_202
CHEM_103
GERM_312,GERM_315
NSCI_338,NSCI_338,NSCI_358,CINE_298
ARTS_089,ATHL_126,HIST_109,APST_562
CHEM_254,CHEM_526,ATHL_244
TECH_170,MUTH_201,MUTH_231,APST_821,APST_825,APST_800
ATHL_144
RELG_225,ECON_322,HISP_102
PHYS_110
ECON_231
PHIL_349
PSYC_209
ENGL_400
PHYS_316
HIST_359
BIOL_213,BIOL_213
CINE_320
CMUS_130
MATH_133,ATHL_147
ATHL_149
ARTS_095
CAST_300,CAST_301,CRWR_450
RHET_120
ITAL_101,EDUA_101
ATHL_117,ATHL_117,ECON_340,MATH_231,HIST_159
MUTH_201,MUTH_231,OPTH_202,APST_701,THEA_200,PVST_002
ETHN_205
HIST_500,ARTS_220
CAST_995,LATS_401
GREK_201,ATHL_123
JAPN_301,ATHL_147
RELG_336,HIST_398
AAST_357
MUTH_325,APST_822,PVST_026,CNST_160,APST_110
APST_285,APST_709,PVST_007
ATHL_144
CMPL_372
GEOL_310,GEOL_361,CHEM_211,GEOL_501,FREN_430,GEOL_503,FYSP_026,ATHL_117,GEOL_212,GEOL_503
BIOL_501
NSCI_607
THEA_100
ANTH_438
POLT_321,POLT_119
ECON_101
ATHL_150
ARTS_060
FYSP_187,GEOL_141,ATHL_117
HISP_202
RELG_228,RHET_401
CNST_201
PHYS_110
JAPN_451,EAST_401
BIOL_423,ATHL_144
GERM_505
MUTH_201,APST_460,APST_700,CMUS_400,CNST_170,ATHL_600
BIOL_407
PSYC_570,ATHL_100
AAST_232
ENGL_399
SOCI_284
STAT_215
MHST_101,MUTH_131,MUTH_101
RUSS_102,HISP_102
RUSS_101,CRWR_340
HIST_235
HISP_333,CMUS_103
MATH_133
PVST_002,MHST_101,OPTH_305,ATHL_452
APST_113,PVST_001
HISP_439
ATHL_116
POLT_422,CHIN_453,POLT_403
PVST_004,PVST_005,APST_800,CNST_130
BIOL_416
RELG_373
EAST_500
ECON_209,HIST_271,HIST_160
GERM_315
EAST_151
THEA_314
ENGL_275,ENGL_400,ENGL_400
BIOL_213
ENTR_100,ENTR_110
TECH_350
PVST_078
ENVS_101
PVST_077,PVST_080,APST_260,APST_815,APST_141
MUTH_201,PVST_002
CINE_322
MLIT_215,PVST_001,APST_261
POLT_269
GERM_311,GERM_336,MUTH_232
MUTH_231
FREN_311
APST_800,APST_804,PVST_012
JAZZ_150,PVST_058
PVST_043,TECH_330,AAST_190
GERM_101,MUTH_201,MUTH_231
ARBC_201
APST_260,PVST_001
CINE_311,CINE_298,HISP_304,ENGL_306,HISP_306,ENGL_353,CINE_320,ENGL_243,CINE_321,ENGL_378
JAZZ_250,JAZZ_380,PVST_082
GSFS_400
EAST_143,TECH_350
PVST_077
HIST_131
RTCP_107
MATH_220
COMP_201
PVST_002
MUTH_201
ENTR_110
MATH_131
PSYC_118
MUTH_362,PVST_014,APST_712
RELG_235
BIOL_200
MUTH_201,MUTH_231
PVST_009
PSYC_420,ENVS_354
MUTH_202,JAZZ_302,JAZZ_110,PVST_031,PVST_082
BIOL_501
ACHS_300,GEOL_120
ENGL_399
MUTH_101
LANG_200
PHYS_555
MLIT_215,APST_211,PVST_001
POLT_132,ARTS_015,ARTS_069,ARTS_078,CMPL_302,FREN_101
NSCI_607
ARTS_095
MUED_103
ATHL_191
JAZZ_700
MHST_255,APST_111
EDPR_102
MUTH_231
APST_810,JAPN_201
PHYS_103
NSCI_211
THEA_172
THEA_315
CSCI_383,CSCI_357,MUTH_415,APST_724,PVST_006,GERM_101
COMP_350,PVST_051,PVST_027
APST_800
CRWR_317,CRWR_470,PVST_004
THEA_236
PHYS_414,GEOL_120
GERM_353,ANTH_402,HISP_304,NSCI_201,GERM_315,PSYC_300,PSYC_200,NSCI_201,PSYC_510,PSYC_606,POLT_204,PSYC_209,PSYC_450,CSCI_374,CSCI_241,CSCI_241,MATH_232,MATH_220,POLT_350
GEOL_199,PHYS_110
TECH_203,HIST_180
CAST_333,GSFS_263
PSYC_118
APST_208
PVST_052
CHEM_101
AAST_265
BIOL_100,MATH_132,BIOL_100,RHET_103,NSCI_341
FYSP_067
ATHL_197,ATHL_197
PHYS_410,HIST_208,CAST_289
FYSP_136,FYSP_165,FYSP_181,MUED_511,THEA_200
ARTS_299,ECON_251,ECON_227,FREN_203,FREN_206,ECON_211,FREN_301,ARTS_405,ECON_448,FREN_320
APST_800,BIOL_213,CHEM_525
THEA_240,THEA_252,THEA_309,RELG_275
EAST_131
JAPN_301,MHST_245
FYSP_089
FYSP_140
TECH_350
CHEM_341,HIST_180
ENVS_316,MHST_235,ECON_101
FYSP_199
THEA_212,MATH_220,ATHL_453,POLT_201,POLT_231,CSCI_344,MATH_397,POLT_275,ATHL_453,ATHL_453,EAST_221,CRWR_350,CHIN_101,AAST_281,ENGL_206,LING_500
THEA_349,THEA_329
AAST_122
CHEM_101,ENVS_342,AAST_202
FYSP_066
CINE_360,GEOL_115,ATHL_120
PSYC_216,RELG_226,CMPL_265
CHEM_051,ENVS_322
FYSP_113
CSCI_150,RELG_382,ANTH_382,ARTS_040
CINE_112
DANC_295,PSYC_217,DANC_221,DANC_247,THEA_200,FREN_302,ANTH_202,FREN_455,ANTH_353,ANTH_482,DANC_312,DANC_350,DANC_224,THEA_236,DANC_200
POLT_304,POLT_264,SOCI_130
ENGL_324
CINE_250,EAST_118,CINE_377,CINE_325
APST_300,PVST_002
ARTS_150,RELG_224
BIOL_100,BIOL_100,POLT_100,APST_726,CRWR_201,APST_726,APST_726,CRWR_320,CRWR_120,CRWR_120,APST_726,GSFS_304,POLT_332,CRWR_371,POLT_306,CRWR_490,ANTH_227
APST_285,PVST_007,MHST_323,APST_709
CMUS_300
ARTS_047,PHIL_121
FREN_203,NSCI_211,THEA_207,ARBC_101,CHEM_205,ARBC_102,BIOL_213,BIOL_213,STAT_114,ARBC_201,ANTH_101,PHYS_103,ARBC_151,NSCI_335,NSCI_336,PSYC_220,SOCI_250,DANC_112,NSCI_607,ENGL_140,ATHL_100
BIOL_337,BIOL_320,STAT_114,ATHL_148,ATHL_600
NSCI_337,NSCI_400,APST_726,BIOL_213
FYSP_052
APST_701,PVST_005,ETHN_204
MATH_327,MATH_353,CSCI_995
CAST_100,ATHL_128,ATHL_600,HIST_349,ATHL_600,RHET_207
CINE_342
APST_712,PVST_014
HISP_304,HISP_304
CHEM_339
FYSP_174
COMP_203,PHYS_110,COMP_204,MUTH_202
GEOL_401
RUSS_446
RUSS_101,ATHL_404
FYSP_129
ECON_251,BIOL_318,ENVS_225
CHEM_101
GREK_320
CAST_303,HIST_348,ARTS_045,CAST_050
CHIN_301,PSYC_300,CSCI_151,CHIN_302,ATHL_126
BIOL_501,ATHL_123,AAST_248,BIOL_327,ATHL_144,BIOL_307,BIOL_312
MUTH_201,PVST_010,PVST_010,ENGL_370,PVST_010,APST_802,MHST_255,PSYC_214,HIST_345,CHIN_457,MUTH_370,APST_724,PVST_010,CMPL_502,MHST_255,EAST_309,CHIN_421,MHST_342,APST_709,CMPL_501
ECON_255,RELG_357,ECON_353,ARBC_101,ECON_417,MATH_232,ARBC_102,RELG_402,ECON_315,ATHL_119
BIOL_214
FREN_372,HIST_102,FREN_376,HIST_253,CHEM_050,CLAS_203,HIST_273,ANTH_101,ECON_101,CLAS_219,HIST_226,HIST_492,HIST_422,FREN_471,FREN_472
DANC_391
CHEM_101
AAST_258
EAST_131,GREK_101
FREN_319,FREN_320
JAPN_101
SOCI_420,PSYC_995,ECON_204
RHET_205,GSFS_278
BIOL_322
HIST_344
HIST_219
CMUS_400,PVST_081
AAST_072,AAST_101,AAST_229
ENGL_324,SOCI_203
APST_714,PVST_013,APST_713,APST_111,APST_713,APST_714,PVST_013,APST_714,ENGL_299,PVST_013,MUTH_201,GSFS_100,CRWR_250,GEOL_120,HIST_227,HIST_238,ENGL_400,GEOL_120,CAST_319,POLT_320,RHET_208,JWST_254,ENGL_338,ATHL_162,MATH_050,PHYS_054
CINE_313,ARTS_060
PORT_202
ATHL_454
PSYC_301,HIST_106
FYSP_070
PHIL_126,PSYC_200,RHET_105,HIST_275
CINE_290
RELG_102,JWST_132
POLT_120
RHET_103,ENTR_110
FYSP_048
RUSS_305
POLT_120
PVST_012
CHEM_405,CHEM_339,CHEM_526
STAT_237,STAT_339,MATH_301,ANTH_101
ENGL_201
JAPN_102
HISP_202
FYSP_062
MUTH_231,APST_130
RHET_100,RHET_104
PHYS_311,PHYS_242
FYSP_049
FYSP_094
ARTS_010
NSCI_400
FYSP_076
JAZZ_120
EAST_208
CSCI_210,CSCI_275
ECON_102
FYSP_051
POLT_313,ANTH_278,EDUC_300
FYSP_073
FYSP_093
FYSP_086
HISP_102,ATHL_451
FYSP_081
JWST_111,FYSP_074
FYSP_127
RELG_226
ECON_251,ECON_231,MATH_231
PHYS_068,PSYC_100,REES_254,REES_260
PHIL_120
FYSP_117
FYSP_061
ECON_253
APST_726
BIOL_100
APST_112
ECON_101
FYSP_056
THEA_200
RUSS_102
ENVS_101
FYSP_047
FYSP_197
HISP_202
DANC_237
ENGL_223,ENGL_299
FYSP_049
CHIN_301
FYSP_118
FYSP_139
GEOL_142
POLT_119
PVST_006
MATH_133
CMPL_366,CMPL_372,POLT_223,POLT_285,CMPL_472
FYSP_180
AAST_302,POLT_110,HISP_304,MATH_301
FYSP_050
PVST_056
FYSP_064
AAST_391
APST_748,ARTS_306,GERM_101
RHET_103
PHYS_110
MATH_318,JAPN_202,PHYS_111,PHYS_111
MUTH_101,MUTH_131,APST_812,PVST_007
ATHL_132
ATHL_402,LRNS_100
HIST_111
PHYS_111
ATHL_100,ATHL_123,APST_284,PVST_004,APST_602
PVST_002,MUTH_130,LANG_100
MUTH_131
FYSP_153
JAZZ_301
JAZZ_100
MATH_132
MUTH_132,PVST_010,APST_800,MHST_226
BIOL_416,ENGL_275,ATHL_117,BIOL_200,BIOL_200,CHEM_213
BIOL_312,BIOL_202,GREK_101,ENGL_123
THEA_313,THEA_252,THEA_425
FYSP_128
NSCI_211
HIST_502
HIST_399
FYSP_046
ATHL_142
APST_600,APST_601
FREN_301,FREN_373,FREN_413,BIOL_090,CMPL_400,FREN_404,RTCP_107,ENGL_318
ANTH_204
AAST_363,AAST_350,ARTS_089,THEA_225,AAST_450,ARTS_095,ARTS_095,NSCI_109,ARTS_095,ARTS_095,ETHN_213
NSCI_337,NSCI_338
CINE_324,CRWR_311
RELG_205,RELG_405,CRWR_450
ANTH_101
HISP_203
SOCI_303,CRWR_317,HIST_347
FYSP_108
POLT_119,SOCI_262,SOCI_254,ENTR_100,RHET_110,POLT_370,AAST_122,POLT_286,POLT_205,PHIL_237,SOCI_391
PHYS_340,HISP_101,CLAS_104,ATHL_227
CMPL_400
JAPN_201,JAPN_202,EAST_322,ARTS_090,ECON_101,PHYS_051
BIOL_100,CMUS_103,ECON_101
BIOL_103,ENVS_336,CAST_267,HIST_383
RELG_330,CRWR_272,HISP_303,ATHL_117
HIST_500
PHYS_104,NSCI_201,NSCI_211,PSYC_218
ATHL_152
GEOL_212,BIOL_301,ANTH_102
STAT_209,PSYC_306,PSYC_215
STAT_113
ATHL_117,ATHL_117
JAZZ_202,PVST_028,MUTH_202
PHYS_212
PHIL_126,POLT_212
MUTH_101,PVST_056,PVST_056,MUTH_231,PVST_056,PVST_056,MUTH_102,PVST_056,AAST_132,PVST_056
EAST_108
PVST_007,PVST_057
ANTH_345,HIST_132,RTCP_107
CRWR_255,ATHL_180
ENGL_349
POLT_248,APST_101,POLT_280,THEA_301,ENGL_398
POLT_112,DANC_107,ATHL_119,ATHL_119,ATHL_145,HIST_494,CAST_335,ARBC_153,CMPL_391,EAST_280,ENVS_201,GSFS_319,HIST_122,ARTS_052,ATHL_139,ATHL_139
ARBC_102,HISP_304,ARBC_201,RELG_373,RELG_405,RELG_231,ANTH_995,AAST_263,ARBC_995
ARTS_032,JAPN_402
ARTS_466,ARTS_357
ECON_332,STAT_213
BIOL_100
RELG_236
RELG_347,RELG_263
CINE_290
MUTH_101,JAZZ_290
PVST_005,APST_282,APST_800,FYSP_027,FYSP_052,FYSP_060,FYSP_108,FYSP_126,FYSP_129,FYSP_136,FYSP_143
HIST_488
ARTS_040,MATH_134
CSCI_365
HIST_106
POLT_227
CSCI_151,CHEM_205,PHYS_103,TECH_330,NSCI_341,PHYS_104,APST_807,NSCI_400,BIOL_213,MATH_220,APST_807,CSCI_280,NSCI_319
JAPN_302
PHYS_104,PHIL_126
ITAL_203,ITAL_995
CAST_267
FREN_205
HIST_108
ARTS_095
ARTS_054,ARTS_052,THEA_240
ARTS_344
JWST_132,MHST_275
HIST_351,ARTS_355,POLT_232
PHYS_310,PHYS_340,PHYS_311,CSCI_151,PHYS_411,PHYS_412,POLT_281,CMUS_800,POLT_410,POLT_411
ANTH_208,POLT_112,POLT_328,RTCP_107,RHET_995,RTCP_107,RTCP_107,POLT_306,RHET_303,RHET_401,ARTS_058,RHET_995,RTCP_107
BIOL_100
THEA_201
ARTS_041,ITAL_301
AAST_101,GERM_315
JAPN_102
ARTS_098,CAST_217,ARTS_346,ARTS_060
POLT_284,ARBC_201
EAST_367
COMP_350,PVST_027
APST_111
CHIN_302,CHIN_401,ENGL_313,CHIN_402,ARTS_348,ENGL_242,ARTS_466,ARTS_334
CINE_284
MUED_103,PVST_056
PSYC_118,GSFS_108,POLT_100
EAST_321
JAZZ_803
THEA_325
PSYC_606
PSYC_301,PSYC_308
HIST_159,ENVS_231,RELG_244,ATHL_199,ATHL_148,EAST_122
PVST_005,ATHL_124,PACE_752
POLT_227,POLT_405
HIST_279,ENGL_379
HIST_222,ARTS_463,ARTS_599,GERM_433,CINE_284
FREN_205,CRWR_280,ATHL_180,ENGL_220,SOCI_252,CRWR_201,CRWR_201,HISP_202
CNST_171,MUTH_995,PVST_004,PACE_103
EAST_995
CRWR_360
ASTR_302
WELL_110,CINE_112
PVST_003,PVST_019,MUTH_316,HPRF_111,HPRF_521,PROF_141,FREN_206
PVST_004,APST_724,MUED_103
PHYS_414
APST_110,MUTH_131
ASTR_100,GSFS_101,ANTH_101,CAST_447
ANTH_416,PSYC_430,PSYC_500,PSYC_608,GSFS_203,APST_600
PHIL_222,CHEM_101,CHEM_102,CHEM_102,NSCI_350,PHIL_228,CHEM_205,CHEM_374,BIOL_213
GEOL_201,CHEM_102,BIOL_100,ARTS_040,GSFS_304
PVST_004,APST_242
ATHL_600,PVST_004,CRWR_310
ENGL_303
HISP_102,JWST_356,PSYC_215,ANTH_353,HISP_441,POLT_280,EDUA_301,PACE_102,POLT_279,POLT_255,LEAD_202,ANTH_456
GREK_305,ECON_101,CLAS_351,LATN_318,CLAS_352,ACHS_300
CHEM_101,ECON_101,MHST_275,CINE_295,PHIL_126,PSYC_214,CRWR_280,PHIL_126,NSCI_319,CMUS_130,PHIL_126,JWST_365,MATH_134,ENGL_238,CRWR_320,MHST_332,PHIL_121
CAST_201
BIOL_323,BIOL_324,BIOL_213,BIOL_100,MATH_131,MATH_132,GEOL_240
COMP_350,APST_261,APST_748
ECON_255,ARTS_154,ECON_409,AAST_123
POLT_134
PHIL_370,PHIL_122,PHIL_995
RELG_218,CRWR_310,CRWR_311,ENGL_312,LATN_102,LATN_201,CRWR_320,RELG_215
RHET_104
ENGL_372
EAST_120,CHIN_402
CRWR_450,HIST_260,CRWR_120
GEOL_120,PSYC_216,CHEM_102,CHEM_102,ATHL_162
CHIN_102,ARTS_450,DANC_190,ARTS_303,MATH_220
RHET_104
ENGL_348,ESOL_140
ENGL_995,CINE_284
PSYC_200,ATHL_461,BIOL_200,ATHL_159,ATHL_193,PSYC_520,ECON_101,ENVS_231,PSYC_308,PSYC_440,ATHL_193,CLAS_103,ATHL_461,ENVS_356
MUTH_202
LANG_200
DANC_242,MATH_220
PVST_093
ENGL_322,CRWR_490
DANC_355,DANC_161,DANC_222,CHEM_029
PVST_027,ARTS_150
AAST_234,SOCI_112
CMPL_376,CMPL_400,CMPL_995
POLT_321
SOCI_322
PSYC_303
MATH_231
ANTH_101,PVST_005,PVST_054
LATN_201
RELG_258,RELG_305,PACE_220,APST_140,RELG_286
MUTH_363
TECH_202,PVST_068,APST_808
HIST_242
THEA_319
ANTH_212,EAST_143
CHEM_374,BIOL_407,BIOL_310,CMUS_103,BIOL_403,CMPL_347,FREN_445
DANC_191
ATHL_127
HISP_203
ATHL_124
ASTR_301,PHYS_340
LATN_202,LATN_307
POLT_208,PSYC_207
JWST_223
PORT_102
JAPN_453,ATHL_138,EAST_126,JAPN_455
RHET_995
BIOL_100
RELG_236,RELG_347
PHIL_365
BIOL_203
ATHL_126
POLT_122
RHET_100
CMPL_200,JAPN_201,JAPN_301,CMPL_272,CMPL_501,CMPL_502,JAPN_302,HIST_282,HIST_995
GSFS_305,GSFS_416,ENGL_356
EDPR_102,PSYC_200,JAZZ_121,JAZZ_131,JAZZ_202,JAZZ_700,JAZZ_701,MHST_275,MUTH_210,MUTH_315
BIOL_213
POLT_338
MHST_255,PVST_001
FREN_102,MUTH_102
CHIN_102
ENGL_399
APST_802
RELG_264,BIOL_502
ENGL_282
HIST_500,POLT_305
ENGL_299
ATHL_151,ATHL_163,STAT_213
ECON_101,GSFS_339,THEA_200,THEA_341,THEA_174,THEA_264,PHIL_200,THEA_253,THEA_420
ARTS_014,ARTS_599
AAST_350
ATHL_123
BIOL_324
AAST_320
FREN_101,CHEM_374
MATH_232,MATH_342,AAST_227,AAST_502
BIOL_309
CRWR_201
APST_101
RELG_405
HIST_202,ECON_491,ECON_353,ECON_491,MATH_317
ECON_351,ECON_491,HIST_110,ATHL_408
MATH_232
TECH_203,ARTS_098,STAT_113,AAST_235,APST_807,CINE_301,ARTS_089
CRWR_246
HISP_101
FREN_102
THEA_307,THEA_340,ARTS_346,AAST_357,GSFS_101
RUSS_203,CHEM_205,FREN_301,BIOL_411
HIST_284
PHIL_236
GEOL_120,SOCI_122
MUTH_315,APST_330
ENVS_201
CINE_995
ENGL_399,SOCI_239,POLT_202,RELG_230,POLT_231,ENGL_309,POLT_251,HIST_102,RELG_224,ARTS_153,POLT_254,ENGL_299,RELG_342,ENGL_391,ENGL_263
ECON_206
NSCI_607,ATHL_132
PHYS_068,POLT_264
LATS_400,RELG_274,ATHL_152,LEAD_900
RELG_248
PHIL_234
STAT_113,HIST_280,HISP_445
ATHL_456,ATHL_459,EDPR_102
DANC_303
CHEM_339,PSYC_606
ITAL_401
APST_111
ATHL_102,ATHL_135
PVST_006,HIST_122,PHYS_054,APST_709
FREN_205,HIST_484,HIST_472,MHST_221
BIOL_309
ENVS_208
ITAL_102
PVST_002,APST_704
ANTH_995,ATHL_129
HIST_500,ARTS_152,DANC_203,ARTS_154,HIST_102,HIST_292,CHEM_101
ECON_101,PHYS_290,GEOL_206,COGS_101
AAST_995
ENTR_100
HISP_334
BIOL_322
CRWR_310,CRWR_340
BIOL_502
GSFS_305
GERM_204
ACHS_300
CHEM_101,CHEM_205,BIOL_213
ETHN_302,CRWR_120
BIOL_213
RHET_210,MHST_221,PVST_001,SOCI_348
POLT_122,HIST_399
DANC_199,DANC_262,DANC_303,CHEM_101,CHEM_101,DANC_347,TECH_360,DANC_400
JWST_101
PHIL_126
EAST_152
EAST_309
CSCI_297,SOCI_451
PSYC_118,ECON_206,ECON_255,ARTS_151,HIST_108,RELG_226,CINE_321,ARTS_086
POLT_130
ENGL_451
HIST_345,PHIL_250
RHET_104,ATHL_159
FREN_302
THEA_212,MATH_133,ETHN_100,LRNS_120
BIOL_411
ECON_452,ECON_211,POLT_282
CRWR_486,CRWR_485
ARTS_099
POLT_329
SOCI_110,ATHL_458
ANTH_376,HLTH_032
NSCI_211,MATH_301
THEA_200,BIOL_200,THEA_253
FREN_309
MHST_235
CAST_260,GSFS_317,ATHL_152,CRWR_485,CRWR_490
ATHL_119
ENVS_222,ENVS_244
APST_112,APST_214,MHST_302,PVST_001,APST_112,CHIN_101
APST_748
ENVS_504
JWST_258
THEA_100
THEA_281
ENVS_354,MATH_234,PHYS_212,PHYS_212,ENTR_102,EAST_109
ARTS_047,CAST_211
CSCI_383
MUTH_102,MUTH_132
POLT_120,ECON_096,POLT_133,POLT_421,POLT_422,ARTS_100,POLT_371,HIST_285,RUSS_232
ARTS_152,ARTS_153,PSYC_204,POLT_219,HIST_101
PVST_015,MUTH_342
MHST_245,PVST_013,APST_714,APST_800,MUTH_363
APST_807
RHET_995
APST_121
MUTH_132,MUTH_102,PVST_009
MUTH_102
APST_118
NSCI_607
BIOL_213
NSCI_607,NSCI_321,NSCI_607,NSCI_607,CAST_217
BIOL_100,BIOL_200,BIOL_200,BIOL_501
HIST_481,HIST_995,PVST_027
PSYC_480,ATHL_147,PSYC_570,ATHL_197,GSFS_202
PVST_010
COMP_350,PVST_027,PVST_027,EAST_362
ATHL_406
MLIT_216,APST_113,PVST_001
OPTH_400,OPTH_405
HIST_392
ENVS_506
APST_215,APST_810,PVST_001,PVST_053,PVST_089,MUTH_202
HISP_318,HISP_417,HIST_487
APST_800,PVST_006
PSYC_431
LANG_200
MATH_234
JAPN_454,JAPN_456,JAPN_500
PHYS_312,PHYS_314,MATH_234
SOCI_491
ARTS_349
RELG_365
BIOL_302
MATH_134
PVST_003,APST_243
BIOL_501,ATHL_147,HIST_253,CHEM_254
CSCI_150
PSYC_200
PHIL_201
HISP_500
BIOL_100,BIOL_100,CAST_211,CHEM_205
APST_600
ATHL_408
ENGL_995
HISP_303
ATHL_148,MATH_335
PVST_027
THEA_348,ATHL_144
ENVS_101
MUTH_340
PHYS_411,PHYS_412,PHYS_555
FYSP_045
RELG_227
EAST_367,CHEM_205
JAPN_202,AAST_118
POLT_263
APST_230,AAST_172
MLIT_220,PVST_002,APST_704,APST_350,APST_360,ATHL_119,ATHL_119,APST_602
DANC_221,STAT_113,HIST_229,DANC_207,THEA_174,DANC_240
THEA_307
GREK_313
APST_700
POLT_328
ECON_440
NSCI_201,SOCI_491
RELG_258
GERM_995
MUTH_232
PVST_009,APST_800,PVST_074
CMPL_400
PSYC_309,PACE_300,PACE_995,PSYC_304
GSFS_017
HISP_461
PSYC_200,ARTS_040,ECON_101
EAST_215
PVST_004,APST_111
MHST_995,OPTH_400,OPTH_405
PVST_002,APST_843
PVST_026,APST_822
MHST_275
ATHL_406
PVST_014
APST_821,APST_825,PVST_018,PVST_093
JWST_208
PVST_007,JAZZ_803
ARTS_483,FREN_206
ATHL_199,LATN_102
PVST_002,APST_701,MUTH_201,OPTH_202,MUTH_202,APST_213,APST_800,FREN_101,PVST_002,THEA_100,PVST_002,APST_704,PVST_002,OPTH_404,CNST_200,PVST_002
ECON_353
PVST_008
CHEM_327,CHEM_349,GEOL_501,ECON_099
STAT_113
TECH_204
PSYC_606,ATHL_162
POLT_119
ATHL_403,PHIL_126
JWST_202
DANC_332,DANC_400
CSCI_280,RUSS_101
HISP_339
PHYS_555
THEA_260,ARTS_302
TECH_202,MUTH_202,RHET_105,EAST_206,MHST_245,PVST_004,PVST_027,MHST_255,PVST_004
PHYS_111,PHYS_111
AAST_190,MUTH_102
HISP_501,STAT_114
HISP_202,POLT_220
PVST_027
ITAL_102
PVST_011
APST_800,MUTH_102,MUTH_201,APST_800,PVST_004,MUED_103,APST_800,PVST_004,APST_748,MUTH_202,MUTH_232,ATHL_117,APST_748,PVST_004,ETHN_212,DANC_375,PVST_004,DANC_100,MUTH_314,PVST_004,ATHL_103,APST_130,PACE_752
APST_807,MUTH_231
LANG_201,PVST_002
APST_274
PVST_043
HISP_315,GSFS_264
APST_120,THEA_425
MATH_401,ATHL_117
PVST_002,ETHN_212,LANG_201,RHET_305
MUTH_342,APST_814,ATHL_103,PVST_017
MUTH_202,MATH_220,MUTH_370,MHST_245
PHIL_210
MHST_302,APST_800,APST_800,APST_802,PVST_009,APST_800,ETHN_100
CINE_322,CINE_362,CINE_320,CINE_322,COGS_101,DANC_132,CINE_295,CINE_381
PORT_325,AAST_258,PSYC_118,CINE_320,ETHN_200,ATHL_180,ATHL_116,ATHL_510,ENTR_102
BIOL_502,AAST_370
HISP_304,GSFS_400
CHEM_101
JAPN_402
GSFS_203,ENVS_101
CHEM_101,CHEM_101,POLT_119,POLT_119,MATH_132,NSCI_211,POLT_120,RHET_105
ENGL_368,RHET_110,APST_995,APST_800
APST_800
ANTH_257
PSYC_420
PVST_026,GERM_995,MUTH_415,MATH_335,NSCI_607,PHYS_411,PHYS_412
CRWR_230
GEOL_204
HISP_101,HISP_202
PSYC_200,CRWR_110,ATHL_139
MATH_133,NSCI_332,PHYS_103,PHYS_103,ATHL_117,PHYS_104,NSCI_321
JAZZ_302,PVST_032
TECH_202
HPRF_112,MUTH_325
CHEM_102,CHEM_205,CHEM_254,MATH_133
DANC_127
POLT_404,ENGL_214
PVST_005,APST_709,APST_800,STAT_113,CHEM_101,CNST_110
ARTS_353,ARTS_466,POLT_269,POLT_278
POLT_120,CMUS_130
THEA_238
ATHL_147
ENGL_231
APST_140,PVST_027
POLT_312
ENVS_101
ARTS_098
PHYS_212,MATH_317
ATHL_117
ATHL_152
ECON_211
APST_113,APST_214,PVST_001,APST_995,MATH_131
CINE_995
PSYC_608
PVST_004,ETHN_100
PVST_002,THEA_172
GEOL_503
ARTS_995
AAST_191
ARTS_098,LEAD_120,LEAD_165
ARTS_429
DANC_100,BIOL_502,CINE_112
PVST_027
CINE_995
PSYC_215,PSYC_200
APST_142
ARTS_481
MATH_134
ATHL_155
DANC_400
PSYC_520
CHIN_401,CHIN_500,ENVS_323,ENVS_390,EAST_211
ATHL_102
EAST_401
PHIL_126
CMPL_342,ENGL_400
POLT_336
CRWR_201
MUTH_101,MUTH_131
RELG_205
NSCI_607,MATH_134,PSYC_305
MUTH_132,APST_812,PVST_007
APST_807
CHIN_500
POLT_995
THEA_236
MHST_226
SOCI_254,SOCI_338,POLT_247,ARTS_012,HIST_220
HISP_101
FYSP_051
PVST_002
EAST_152
ATHL_203,ENGL_260,ATHL_162
HISP_203
NSCI_211,PSYC_220,PSYC_606
FREN_101
SOCI_224
CRWR_310,POLT_232
CRWR_475,CRWR_480
HIST_423,HIST_347,LATS_400
ENGL_311,THEA_100,THEA_199,ENGL_400
ATHL_452
CHEM_102
CAST_995,ATHL_132,APST_749,CHIN_995,ATHL_132,ATHL_510,EAST_239,LEAD_201,CAST_243,CHIN_995,CHIN_995
FREN_995
PVST_068,PVST_081
CRWR_490
ANTH_482
HIST_170,POLT_208,APST_204
PSYC_430
HIST_399
PVST_046
ATHL_139,APST_800
HIST_122,ARBC_160,ECON_326
APST_113,RHET_105
GERM_102
RTCP_308
BIOL_305
CMUS_100
ENGL_400
LRNS_113
PVST_002
BIOL_306
RHET_100,PHYS_110,ATHL_147,ESOL_130,LRNS_102,PHYS_111,ENVS_101,CHEM_211,LRNS_101,CSCI_151,RELG_239,MATH_331,ECON_101
ARTS_096
MUTH_201,MUTH_231,TECH_330
MATH_329
PHYS_555,PHYS_555,PHYS_555
CLAS_201,HIST_125,PHIL_210,PHIL_227
CAST_995
POLT_260,RUSS_101
MUTH_231
CHEM_525
CINE_363,CSCI_140,HIST_235
BIOL_501,GEOL_201
CAST_501
PHYS_410
CHEM_103,APST_713
APST_141
EAST_995
PSYC_570,PVST_052
TECH_350
ENGL_344
APST_814,APST_820
ECON_448
POLT_200,RELG_108
PVST_002,LANG_100,OPTH_202,MUTH_101
HIST_454
CRWR_470
MUTH_231,MUTH_231,JAZZ_120,RELG_284,ATHL_117,ATHL_117,ATHL_203,PHIL_122,RHET_104
CRWR_485
APST_130
HIST_270
ITAL_101,CHEM_211
GERM_101
APST_800,PVST_006
CMPL_400
ATHL_600
CSCI_151,HIST_131,PHIL_122
CMPL_404
MATH_327
ARTS_150,HISP_313
PVST_009,PVST_075,APST_745
AAST_502
GERM_203,COMP_995,COMP_995,APST_600,APST_800,APST_800,APST_800,APST_800
STAT_215,THEA_100
HIST_229
ATHL_126,ATHL_143
BIOL_100,BIOL_100,BIOL_100,LATN_203
RELG_402
PHYS_110
ARTS_462
BIOL_307
APST_749
ATHL_149,ATHL_197
POLT_430
PVST_012
APST_280
ANTH_101,PHIL_214,ATHL_143
ATHL_408
CSCI_331
HISP_102
ATHL_401
PHIL_208
ATHL_403
POLT_119
PSYC_214,CINE_295
PHIL_122,ATHL_402
LATN_102,MATH_231
PVST_046
LRNS_099
PVST_036,MATH_231
MATH_401
POLT_271
HIST_482,LATN_202
CHIN_301
MUTH_101
GREK_384,LATN_401
MUTH_370,APST_808
CSCI_151
RHET_103,SOCI_125,ATHL_126
PVST_007
APST_815,APST_822,PVST_026,PHYS_212
ATHL_126,APST_284
ARTS_381
PORT_101
NSCI_211,PVST_004,APST_800
FREN_309,ARTS_358,GERM_203,HIST_101,ARTS_349
MATH_131
ENGL_438
AAST_272
GEOL_330
AAST_219
STAT_113,SOCI_499,SOCI_222
RUSS_215,MHST_301,FREN_301,CMUS_400,RUSS_446,APST_351
PHIL_244
APST_260
GSFS_306
ENGL_255,PHIL_358,ATHL_407
MATH_995
ECON_253
PVST_030
PVST_007,MUTH_995,PVST_081
CRWR_340
MATH_133
FREN_102,MHST_275
FREN_423
CHEM_254
MATH_132
PSYC_221
JAPN_302
PVST_051,APST_713
CINE_119,RELG_275
CINE_298
GERM_308
FYSP_050
JAZZ_110
PVST_001
PHIL_126
NSCI_321
PVST_011,JAPN_202
ESOL_130
ENGL_167,ATHL_600,CRWR_110
LANG_101
ATHL_406
HISP_422
CAST_302
ENGL_308,ENGL_400,POLT_100
ARTS_071
ECON_253
HISP_501
ENGL_227,HIST_170,HIST_181,PHIL_226
COMP_100,FYSP_082,CSCI_150,ARTS_045,CMPL_200,CSCI_151,ENGL_299
ATHL_451
FYSP_185
ATHL_600
ENVS_201,CHEM_101,ENVS_208,STAT_113,GERM_312,CHEM_101
ENGL_437
FYSP_093
POLT_331
BIOL_308,BIOL_501,ENGL_223
CHEM_103,LOND_907,BIOL_951,BIOL_952,BIOL_952,BIOL_501,BIOL_502,CSCI_275,BIOL_501,MATH_234,STAT_237
FYSP_134
GSFS_100
FYSP_044
THEA_244,THEA_260,THEA_332,NSCI_400,ATHL_162
MUTH_317,APST_730,PVST_043,CRWR_350,TECH_303,ATHL_126
COMP_100
GEOL_340
FYSP_043
POLT_239,ENGL_301
ANTH_410
ECON_409
ATHL_454
GSFS_500
ANTH_101
FYSP_117
FYSP_042,CAST_995,ECON_251,CRWR_201,POLT_430,ECON_255,THEA_281,THEA_225,JAZZ_805,PVST_079,ECON_322,ECON_409,HIST_376,JAZZ_204,PVST_079
HIST_494,RHET_207,ENGL_255,CHEM_051
CAST_200,CINE_298,HIST_304,LEAD_210,CAST_995,LEAD_210,RTCP_107,ANTH_254,ATHL_123,CINE_313,CINE_364,RHET_319
CHIN_457,ANTH_202,ANTH_402
ARTS_152,EAST_151,HIST_181,POLT_120,RHET_120,SOCI_125,SOCI_267
FYSP_035
HIST_218
CSCI_210,CSCI_364,GERM_433
PHYS_110,PHYS_111,PHYS_111
HISP_202
ARTS_442
HIST_500
POLT_240,POLT_249
BIOL_502
THEA_309,ENGL_304,RELG_209,THEA_199
FYSP_032,FYSP_121,FYSP_181
LRNS_100
CHIN_202,CHIN_302
ECON_255
PSYC_306,PSYC_214,PSYC_305,CHEM_101
FYSP_141,PSYC_520,LRNS_101,ENVS_506,PSYC_300,PSYC_301,PSYC_606,PSYC_606,ENVS_230,ENVS_330
BIOL_200,BIOL_200,GSFS_216,ENVS_995
PHYS_451,PHYS_212,PHYS_310,ATHL_405,ATHL_409,MATH_550,ANTH_101,PHYS_555,ENTR_995,AAST_101,ATHL_405,ATHL_409,ECON_251,AAST_101
BIOL_100,SOCI_110,PHYS_103,CHEM_525,PSYC_200,PHYS_104,CHEM_213,ANTH_101,CHEM_339
ECON_440
FYSP_041,NSCI_211,ARBC_101,CHEM_102,ARBC_102,NSCI_327,NSCI_607,BIOL_213,CSCI_313,RELG_261,ARTS_052,ARBC_153
PHIL_215,ENGL_320,GREK_102,CLAS_307,ENGL_372,PHIL_359,MATH_220
ECON_255,MHST_275,CAST_232,PVST_004,PVST_070
ARTS_449
RELG_325,RELG_351
PSYC_118
ETHN_213,MUTH_132,MUTH_102
HIST_305,RELG_225,HIST_502
MHST_291,MUED_206,MUTH_102
ECON_096,JWST_192
ARTS_204,CRWR_475,CMPL_440
MATH_134
GSFS_260
AAST_391
CHEM_339
AAST_290,DANC_295
PVST_058
AAST_060,DANC_221,ARTS_015,ARTS_077,AAST_281,APST_141,CAST_210,APST_825,APST_120,AAST_171
CHEM_103,PVST_013,AAST_221,AAST_172,CHEM_102,APST_724
MUTH_102,MUTH_201,APST_804,APST_712,PVST_014,AAST_171,MHST_301
FYSP_187
LRNS_100,FYSP_012
PSYC_440,PSYC_608
ECON_353,ECON_355,STAT_336
CAST_256,POLT_271,ITAL_101
RELG_235
ANTH_102
ARTS_069,CRWR_490
HIST_290
EDPR_102,ATHL_126
ATHL_180
FYSP_118,ARTS_154,ARTS_012,ARTS_152,ARTS_011,ARTS_095,ARTS_095,ARTS_095,ARTS_095,ARTS_099
ANTH_101,GSFS_207
AAST_072,ENVS_244
ANTH_319,RHET_409,SOCI_303,SOCI_361,AAST_220
BIOL_200,NSCI_211,NSCI_607,THEA_100,BIOL_100,MATH_133,APST_705,NSCI_607,BIOL_312,THEA_281
FYSP_071,BIOL_100,BIOL_213,RHET_204,BIOL_213,POLT_312,CHEM_211,CHEM_211,PHYS_103,CHEM_101,RHET_102,CHEM_101,RHET_210,STAT_113,ETHN_214
ENGL_320
THEA_319
PVST_004,ATHL_600,ATHL_600,PVST_004
FYSP_046,APST_705,CMPL_206,ECON_101,CRWR_317,ARTS_299,SOCI_250,POLT_119,ARTS_039
CSCI_401
PHIL_230,PHIL_121,SOCI_050,ANTH_102
THEA_420
HIST_313
ATHL_460
FREN_323,ECON_209,FREN_304,ECON_421,MATH_301
THEA_320,THEA_215,ENGL_104
FYSP_036
HIST_102,ATHL_180,CHEM_102,BIOL_502,BIOL_221,BIOL_501,HIST_479,HIST_170,CHEM_205
CSCI_151,CINE_250,CINE_290,FREN_301,CSCI_383
ECON_251,STAT_215,ECON_417,CSCI_311,CSCI_385,TECH_101
BIOL_307,BIOL_202,POLT_220,CHEM_205,FYSP_199
CMPL_351,CMPL_501,CAST_050,GEOL_120
HIST_121,DANC_300
MATH_133,MATH_305,CSCI_401,ATHL_138
ARTS_052,RHET_401,GEOL_235,ENVS_337,CINE_112
BIOL_213,BIOL_213,MATH_220,CSCI_280
PSYC_415,EAST_221
ARTS_462,ANTH_204
REES_392
JAPN_301,CINE_206
DANC_363,MATH_131,CHEM_102,CHEM_102,CHEM_102,RHET_102,CHEM_205
FYSP_039,GEOL_120,ENGL_299,DANC_132
FYSP_030,CMUS_201
PVST_006,MUTH_370
CHEM_102
BIOL_100,BIOL_100,BIOL_100,BIOL_100,BIOL_502
ETHN_200
JWST_290
AAST_268
CAST_202
MATH_220,THEA_200,APST_120
ARTS_150,THEA_252,ANTH_416,SOCI_386
MATH_134
ATHL_145
ARTS_055,ARTS_061,RELG_225
GSFS_305,GSFS_400
CAST_502,DANC_113,HISP_203
RELG_217,RELG_401,GEOL_113,MATH_232
PHIL_215
PHYS_103,PHYS_103
CAST_201,CLAS_104,HIST_102,HIST_108,HIST_225,HIST_230,HIST_281,HIST_495
CSCI_210,MATH_327
STAT_114
CAST_256,POLT_208,SOCI_438
BIOL_200,PHYS_103,BIOL_200,GEOL_325
OPTH_202,PVST_002,MHST_101,MUTH_201,OPTH_203,APST_701,PVST_002,APST_213,MUTH_232,MUTH_202,FREN_101,OPTH_400,LANG_201,PVST_002,MHST_245
CHEM_102,ECON_491,THEA_172
MATH_050,CINE_332
GERM_315,GERM_411,CMPL_230
RELG_342,HIST_354,PSYC_207
ENGL_399,POLT_228
HIST_301
FYSP_033,MATH_220,PHYS_110,ENGL_227,PHYS_111,PHYS_212,PHYS_212,JAZZ_120,PHYS_310,PHYS_312,JAZZ_290,MATH_317,LATN_101,APST_112,APST_284
GEOL_120
GERM_101,BIOL_100,RHET_104,BIOL_200,BIOL_200,ECON_101,BIOL_213
RELG_236,MUTH_101,MUTH_131,MATH_231,MUTH_132,JAPN_101,PHYS_212,HPRF_302,MUTH_201
BIOL_213
CAST_200
PVST_009,PVST_059,APST_800,ATHL_144,CSCI_343
HIST_318
APST_101
SOCI_267
CINE_342,PACE_220,CAST_312,CRWR_273,CRWR_294
PHYS_314,ATHL_147,ATHL_147,CMPL_200
CHEM_327,ANTH_203
MATH_134
ARTS_335,FREN_455,ARTS_306,ARTS_080,ARTS_481,RUSS_222,CRWR_250,CMPL_367,CMPL_350,EDUA_301,EAST_248
FYSP_163
BIOL_200,CHEM_101
DANC_115,HISP_101
CAST_500,CMUS_300,APST_700
ECON_101,EAST_152
HIST_256
FYSP_065,EAST_151
GERM_102
FYSP_122
PHYS_110
ECON_351,ECON_449,RHET_110
ECON_096
ENTR_100,LEAD_120,LEAD_220
ECON_101,ENGL_299,JAPN_202,EAST_132,EAST_131,RELG_207,PHIL_126,DANC_107
FYSP_051
THEA_340,JAZZ_131,JAZZ_700,JAZZ_803,AAST_502,AAST_995,PVST_007
GSFS_319
ENGL_310,ENGL_360,POLT_271,POLT_403,ENGL_381,ENGL_448,POLT_404
PSYC_118
CHEM_102,CHEM_325,BIOL_337
HIST_103,ANTH_353
ATHL_402,PHIL_220,PHIL_200
ENGL_299,CINE_298,CINE_284,RHET_209,LEAD_050,CINE_284,ENGL_387,CINE_372,ENGL_320
FREN_302
STAT_215
CSCI_150,FYSP_010,FREN_101
EAST_309,DANC_332
TECH_203
CAST_319,TECH_350
FREN_302,FREN_411,RELG_218
ECON_253,MATH_133,ECON_207
BIOL_399,EAST_121
CRWR_272,GSFS_060,ARTS_044
DANC_204,ATHL_119,ARTS_047
SOCI_281
MUTH_231,TECH_350,POLT_228,POLT_326,CAST_318,ETHN_215,POLT_411
THEA_199,SOCI_301,SOCI_302,HIST_240
CSCI_151
HISP_317,HISP_416,CMPL_419
MUTH_101
BIOL_100
ARTS_090,CLAS_210,ATHL_163
TECH_350,CAST_207,HIST_392,AAST_249
MUTH_101
PHYS_555,CSCI_150
ENGL_225,CHEM_374,SOCI_125
ENGL_233
ARTS_039,RHET_207,GSFS_306,RELG_368
APST_261,PHYS_111,MATH_329,CSCI_151,CHIN_101,MATH_550,MATH_356
FREN_102
FYSP_165
CHEM_208,ATHL_203
CRWR_201,CRWR_296,HIST_404,CRWR_311,SOCI_215,POLT_244
NSCI_607
AAST_191,AAST_232,AAST_224,PHYS_310
GERM_203,ARTS_151,ARTS_337,ECON_251,HIST_160,ECON_317
COMP_222
RHET_201
MUTH_131,MUTH_132,APST_113,APST_211,PVST_001,MUTH_231,MUTH_201,APST_210,PVST_001,MUTH_232,APST_113,PVST_001,APST_214,MUTH_448,APST_800,APST_112,MLIT_216,PVST_001,APST_140,APST_800,PVST_056,APST_215,PVST_001,MATH_234,HIST_181,PVST_056,CSCI_150
HISP_102
EAST_151,HIST_444,ECON_101
CHIN_201,CMUS_103
PSYC_200,ARTS_150,PSYC_300,RELG_270,PSYC_580,PSYC_560,PSYC_430
FYSP_133
ENGL_299
ENGL_275
FYSP_051
BIOL_047
ATHL_600
PVST_093,MUTH_201,MUTH_231,COMP_311,MUTH_231,TECH_204,MUTH_202,MUTH_232,TECH_330,TECH_350,JAZZ_120,APST_140
HISP_317
MUTH_131,MUTH_101,APST_110,APST_118,LANG_101,APST_111,PVST_002,ITAL_101,OPTH_203,MUTH_202,LANG_200,HISP_306,OPTH_306,MHST_221,MHST_290
PACE_104,APST_330,PVST_006,APST_122,APST_805
FYSP_173
AAST_235
PSYC_218
HIST_500,PACE_300,DANC_238
RELG_283
ATHL_127
NSCI_325,AAST_227
ARBC_102,POLT_260
DANC_336
CINE_321
RUSS_214
ARTS_412,CINE_295
GSFS_264,DANC_193
SOCI_275,ANTH_101,ARTS_040,ARTS_100,EAST_206,RUSS_101,RUSS_118,RUSS_332,CRWR_212
LRNS_120,CSCI_150,REES_253,THEA_200,RELG_108,RELG_123,RELG_245,ARTS_086,CINE_377,ANTH_455,NSCI_157,NSCI_157,ATHL_203
PHYS_110,CMUS_105,MATH_331
RHET_105,ATHL_139,REES_261
ESOL_130
GEOL_152,STAT_113,PHIL_126,HIST_104
CHEM_525,CLAS_103
NSCI_201
PHIL_210,PVST_001,APST_995,APST_724,PVST_001,APST_995,APST_995,APST_995
PVST_002,DANC_340
CRWR_120,HIST_253,APST_280
HISP_304
CINE_290,CAST_100
RUSS_305
CHEM_205,MATH_231
AAST_265,HISP_105,CMPL_200,ENVS_340
SOCI_143,ECON_430,CSCI_150
THEA_100,ATHL_162,ATHL_129,THEA_172,RUSS_117,THEA_199,THEA_300,THEA_269,THEA_281,THEA_328
ENGL_343,GEOL_120
ANTH_257,ARTS_303,ARTS_328,ATHL_162,POLT_203,POLT_116
RELG_108
CMPL_215,CMPL_376,EAST_116
CLAS_112
CLAS_219,POLT_259
MUTH_131,MUTH_101,JAZZ_803,APST_285,PVST_007
FYSP_038
RUSS_446
CSCI_383,EAST_207
CHIN_401
PSYC_420,LEAD_906,PSYC_599,PSYC_560
MATH_220,TECH_301,HISP_419
OPTH_404,PVST_002,GERM_203,FREN_205
CAST_502
ECON_227,LEAD_905
FREN_378,FREN_380
ENGL_995,CRWR_485,THEA_222,CMPL_305,DANC_207
NSCI_607,PHIL_347,NSCI_211,NSCI_607,FYSP_040,NSCI_607,NSCI_338,NSCI_607,NSCI_607,NSCI_319
FYSP_143,MATH_133,CHIN_102
JAZZ_202,SOCI_110,JAZZ_100,JAZZ_110,PACE_102,ETHN_100,POLT_138,TECH_204
FYSP_031
APST_101,HISP_101,HISP_203
APST_800,MUTH_132,JAPN_301,MUTH_201,PVST_005,APST_800,MUTH_202,EAST_151,EAST_132,APST_282,APST_800,EAST_163,EAST_143,PVST_005
LATN_202,ENGL_299,GREK_101,LATN_316
MUTH_101
PVST_007
PVST_006,PACE_104,JAZZ_130,APST_808
PVST_073,PVST_008,APST_995
FYSP_049
PSYC_304,PSYC_308,PSYC_431
CLAS_111
HIST_995
POLT_304
PHYS_555,LING_501
CSCI_150
EAST_143,NSCI_358,HIST_307
RELG_203,ARTS_153,HISP_451,NSCI_360
ECON_355
BIOL_103
PVST_017
RHET_995,HIST_163
HIST_320
PVST_009,APST_800,APST_802,APST_995
AAST_122
GEOL_380
JAZZ_202,PVST_028
PHIL_236,PHIL_211
POLT_352
STAT_205,HISP_202
ARTS_995,CMPL_200,FREN_321,AAST_158,AAST_132,FREN_373,AAST_378,CMPL_250,CMPL_350,ARTS_150
CHEM_213,GERM_101
CINE_298,PSYC_204,CINE_350
ANTH_204
PSYC_308
RELG_252,ENGL_330
CHEM_525,PSYC_100,BIOL_213,CHEM_526
ATHL_460,ITAL_203,ATHL_116
TECH_101
PVST_060,CMUS_130,APST_140,BIOL_100,MHST_336,APST_141,MUTH_131,MHST_101,MUTH_101,MUTH_132,MUTH_102,MUTH_231,PACE_317,MUTH_201
MUTH_232,APST_282,PVST_005
RUSS_204,RUSS_240
PHYS_104,PHYS_104,CHEM_339
BIOL_213
BIOL_100,BIOL_100
HISP_310,THEA_225
ECON_255
GEOL_206,GEOL_212,CSCI_150
AAST_235,SOCI_050,CAST_210
CHIN_102,CHIN_102,CHEM_102
AAST_391
ETHN_190,APST_746,PROF_200
MHST_321,MUTH_101,MUTH_102,MUTH_132,COMP_101,APST_120,MUTH_231,APST_700,JAZZ_100,COMP_212,MUTH_202,APST_746,MUTH_232,COMP_311,APST_260,THEA_995,APST_262,APST_120,APST_120
APST_110,PVST_002
ECON_309
ARTS_151
PVST_005
JAPN_453,APST_800
RUSS_102
WELL_110
JAZZ_121,PVST_031,PVST_031,JAZZ_201,APST_821,PVST_031
CLAS_950,CLAS_952,CLAS_952,BIOL_200
AAST_391
CHEM_254,ATHL_119
GEOL_120
MUTH_131,MUTH_102,THEA_212,THEA_420,ENGL_218
PVST_005
MUTH_232
AAST_132,ARTS_150,ENGL_328,ENGL_282,ENGL_253
ANTH_210,APST_141,APST_560
CMPL_372,FYSP_173,FYSP_044,RHET_103
JAZZ_130
PVST_034,PVST_068
ARTS_056
ARTS_599
ECON_430
JAZZ_302,PVST_031,JAZZ_803,JAZZ_803
ENGL_229
POLT_134
ENGL_400,GEOL_120
THEA_213
PSYC_520,ENGL_399,CINE_290,RUSS_215,ESOL_140,CINE_298,GSFS_340,ESOL_140,ENGL_366
PVST_034,JAZZ_290,JAZZ_803,LATS_100
MUED_506,MUED_514
FYSP_066
CRWR_218,ENGL_233
AAST_191,HIST_276,ENGL_261,AAST_350,AAST_122,AAST_450,ARTS_360
EAST_122,CHIN_458
THEA_232
HIST_312,CRWR_234
CHIN_402,HIST_493,AAST_229
MUTH_210,PVST_093,ARTS_049,ARTS_071
PVST_004,APST_284,APST_242,MUTH_201,PVST_004,PVST_004,PVST_077,CINE_211,PVST_004,ENTR_100,TECH_170,ATHL_162,PVST_004,MUTH_344,CINE_251,CMPL_210,DANC_214,ECON_099,POLT_100
HIST_500,HISP_306
MATH_401
JAZZ_291,MUTH_102
SOCI_122
JWST_150
CINE_211,PSYC_221
POLT_281,ARTS_338
OPTH_306,OPTH_407
MUTH_101,MUTH_101,MUTH_101,MUTH_101,PVST_002,MUTH_131,MUTH_131,MUTH_131,MUTH_131
COMP_202
THEA_281
MUTH_101,MUTH_131,PVST_006,MHST_255,PVST_006,MUTH_132,APST_111,PVST_006,APST_800
MHST_275,APST_805,APST_214
AAST_450,AAST_391
RHET_219
THEA_320
EAST_367
ATHL_510
HPRF_502
PVST_068
ECON_096,ECON_096
CRWR_120,NSCI_107
RELG_231
EAST_116
HIST_486
HISP_203
DANC_312
BIOL_100,PHIL_231,PHYS_110,PHYS_110
PHIL_401
MATH_232
FYSP_037
THEA_304
ANTH_415
CHEM_325
BIOL_502,ATHL_456
ATHL_143
DANC_995
HISP_450
SOCI_491
CHEM_995
CMPL_304
EAST_276,PHIL_206,HIST_367,HIST_396,HIST_310
CSCI_342,RELG_235
ENVS_502
ACHS_210
PVST_002
APST_142
POLT_995,SOCI_491
GSFS_100,APST_841
OPTH_406
PVST_002
FREN_102
GERM_102
MATH_231
ATHL_123
APST_843
PSYC_608
PVST_006,APST_800
RELG_365
PSYC_530,EAST_163,PSYC_530
CHEM_205
HIST_121
ATHL_459,ATHL_451,ECON_101,ATHL_995,RHET_401
CHEM_211,NSCI_607
EAST_126
THEA_282
CRWR_490,AAST_262,CMPL_200
CHEM_323,APST_805
GREK_102
PHYS_451
PSYC_302,HISP_310
AAST_171
DANC_235,GSFS_365
ASTR_201
HISP_414,APST_140,HISP_329
APST_260,COMP_101,MHST_245
POLT_120,ECON_101,ATHL_139,EAST_241,ECON_207,POLT_279
ECON_206
APST_800,PVST_007
FYSP_066,RHET_103,RELG_274
MUTH_132,MUTH_102
DANC_375,DANC_400
THEA_320
POLT_404
RHET_204
CRWR_272
ENGL_299
APST_815
THEA_240,PVST_002,APST_701,LANG_100,OPTH_202,THEA_282,OPTH_203,MHST_255,OPTH_305,PVST_002,APST_230,APST_600
ATHL_139
EAST_207
MUTH_102,MUTH_132
ATHL_460
CLAS_240
THEA_260
HIST_299
ENVS_302,ENVS_322,JWST_281
SOCI_451
OPTH_407
ITAL_101
PHIL_226
HIST_115
JAZZ_302,APST_140,PVST_034,JAZZ_803,APST_808
MUTH_132
ATHL_453,ENVS_342
PSYC_214
CMPL_200,DANC_240,GSFS_108,HIST_270,JWST_101,LATS_100,PSYC_215,RELG_250
GSFS_101
APST_800
RELG_402,SOCI_351
ATHL_600,ATHL_600
POLT_130,PHIL_126
MUTH_202
JAPN_202
OPTH_404
CAST_995
THEA_268
POLT_333
OPTH_305,APST_800
AAST_350,ENGL_399
HPRF_302
AAST_995,AAST_995,CRWR_201
BIOL_502,BIOL_995,PSYC_995
FREN_309
RUSS_306
GSFS_235
ENVS_354
DANC_262
HIST_299
APST_805
APST_821,APST_825,PVST_018,PVST_093,COMP_201
TECH_301
APST_204
MATH_134
BIOL_501,BIOL_100
PHYS_414
CSCI_401
PSYC_540
APST_262
STAT_113
CHEM_213,APST_800,PVST_013,APST_804,APST_600,ENGL_275
ENGL_400
GSFS_403
RELG_237
SOCI_301,SOCI_302,APST_260
MUTH_102,APST_120
PVST_007
HIST_270
APST_111
PVST_031,JAZZ_803,JAZZ_803,JAZZ_803
CRWR_320
ARTS_356
PSYC_995,PVST_052
LEAD_201
APST_600,APST_601,PVST_010,APST_601
PHYS_111,CHEM_349,APST_600
MUTH_132
MUTH_102
STAT_113,POLT_200
ACHS_300,ACHS_300
MUTH_340,APST_820,GSFS_101,PVST_017,APST_820,GSFS_301,PVST_017,MUTH_361,CAST_100
PVST_011,APST_800,PVST_011
ENGL_400,ARTS_152,CRWR_230
APST_843,PVST_052
BIOL_502,HISP_304
BIOL_100,BIOL_100,CHEM_101,SOCI_125,ENGL_207
PORT_335
FREN_205
TECH_201
GERM_305
MATH_134
ESOL_130,FREN_205,CNST_130,MUTH_202,POLT_328
PHYS_451,ECON_255,ASTR_301,ECON_206,CHIN_456,JAPN_102
AAST_228
RELG_390,HIST_396,ARBC_202,RELG_272
ATHL_600,ATHL_600,ATHL_600,ATHL_600,ATHL_600,LEAD_125,LEAD_151,LEAD_900,LEAD_900,LEAD_900,LEAD_900,LEAD_900,LEAD_900,LEAD_900,LEAD_900,LEAD_900,REES_223
PSYC_231,PSYC_300
MUTH_202,APST_111,APST_285,PVST_007
ANTH_101,RELG_135
HIST_473,CAST_202,FREN_304,ATHL_143
RELG_347,CHEM_254
APST_260,APST_261
BIOL_323,BIOL_324,BIOL_411,BIOL_502
MUTH_132,MUTH_102
NSCI_607
ATHL_147
MUTH_132
BIOL_100
CAST_256
PHIL_226
MUTH_202,MUTH_232
ARTS_154,ENGL_249,HIST_274,HIST_270
GERM_410,CMPL_501
CRWR_470
LANG_200,PVST_002,MUTH_202,APST_111,OPTH_400
ATHL_180
SOCI_277
CRWR_310
PVST_007
SOCI_345
RUSS_102
ARTS_087
COMP_301
LRNS_101
PVST_081
APST_805,APST_807
JAZZ_700
APST_112
FREN_102,PVST_001,APST_204,APST_215,MUTH_362,APST_204,PVST_001
HISP_304
PHYS_104
ECON_255,JWST_274
ATHL_162
POLT_421
NSCI_211,CHEM_101,NSCI_607,AAST_378,NSCI_607,SOCI_403
PVST_052
JAPN_102
ARTS_089
EAST_131,CRWR_219
PVST_002,OPTH_305
GERM_204
PVST_034
FREN_205,FREN_206
GEOL_204
RHET_219
RHET_103
APST_600,APST_601,APST_800
MUED_506,MUED_510,MUED_514
MHST_101,APST_241
FREN_101
APST_713,APST_800
APST_705
PVST_003
GEOL_242,APST_214
CHIN_101
ATHL_332
PHYS_104
BIOL_501
BIOL_100
THEA_100,HIST_995
DANC_211,GERM_995
CRWR_340
FREN_205
GERM_305
HISP_309,ECON_101
COMP_203,APST_749
HISP_304
ENVS_101
ANTH_491
CRWR_320
ATHL_332
ATHL_127,ATHL_152,ATHL_152,ATHL_197,ECON_219,GSFS_100
ATHL_120
DANC_190
ATHL_400
FREN_319
HISP_202
PHYS_110,LATN_101,PHYS_110
APST_276
MATH_133
TECH_170,ECON_101,MATH_134,ARTS_052,INTN_999,CMPL_410,HISP_327,PORT_325,APST_140,HIST_382,CINE_312
ECON_448
PSYC_608
CMPL_471
CRWR_470
TECH_350
PHIL_222
POLT_256,ECON_211
PHIL_121,PSYC_100
ARTS_040,CHIN_302,PVST_043
JAPN_453
PHIL_225
PVST_012
APST_700
FYSP_050,FYSP_094,FYSP_117
THEA_317
DANC_191
PVST_032,JAZZ_700,JAZZ_803,APST_808
ATHL_181
DANC_191
ENGL_243
CSCI_210
NSCI_357
FYSP_025,FYSP_134
POLT_370
THEA_199
CINE_284
ARTS_299,GSFS_330
RUSS_325
GREK_102,RUSS_505
PVST_003
LATN_201
JAZZ_201,APST_808
MATH_401,MATH_995,CSCI_280
APST_600,APST_601
PVST_007
GERM_203
ENVS_231
FREN_102
ENGL_203
MATH_231
FYSP_113
POLT_422,ECON_101
FYSP_053
JAPN_102,EAST_276
CRWR_110
FYSP_076,CNST_170
FYSP_018
CSCI_280
ATHL_147
FYSP_116
MATH_220
HIST_160
RELG_405
FYSP_022,FYSP_144,SOCI_277,ECON_101,POLT_132,AAST_191,POLT_278,THEA_225,RHET_103,SOCI_378,ATHL_126,ENGL_300,POLT_132,RHET_103
ENGL_452
HISP_105
AAST_391,APST_120
RELG_110
GSFS_100
FREN_206,CHEM_526,APST_700,BIOL_213
FYSP_024
CMUS_130
HIST_162
DANC_211
ANTH_995
THEA_225
APST_800,APST_730
FYSP_028,GREK_201,LATN_309,GREK_202,CLAS_201,GREK_311
HIST_124
FYSP_073
CAST_302,ENVS_208
MATH_131
JAZZ_301,PVST_032,PVST_088,JAZZ_701,APST_805
STAT_113,ATHL_152
APST_815,PVST_026
LRNS_900
CRWR_250
CMPL_205,ECON_253,APST_600
RHET_106,FREN_302,RHET_106
CSCI_150
ENVS_101
CSCI_241
FYSP_043
MATH_328,MATH_231
SOCI_322
MATH_231,POLT_210
HISP_303,ATHL_400
FYSP_163,CHIN_302,EAST_995
BIOL_100
CRWR_201,THEA_200,AAST_264,AAST_231,THEA_253
ENGL_249
RELG_123
GERM_102,MUTH_101,MUTH_131,MUTH_102,PVST_051
ATHL_117,ATHL_117,PHYS_212
CRWR_351
MUTH_101,PVST_031,FYSP_020
ARTS_089,PSYC_209
ESOL_140,PVST_014,APST_713,GERM_101
FYSP_029,EAST_280,ARTS_434
BIOL_318,PHIL_211
BIOL_100
MATH_232
JAPN_201,EAST_276,APST_101,JAPN_202
CMPL_200
GSFS_261
HISP_304
PHYS_242,SOCI_241
MATH_302
POLT_110,POLT_120,POLT_313
TECH_203
FREN_373
FREN_309,FREN_373
LATN_995
MATH_133,ARTS_150,ATHL_451,CHEM_102,MATH_134
PHYS_212
RHET_120,ANTH_204,RELG_238
GREK_201
PHYS_103
CAST_200
ENGL_265,HIST_285,HISP_318
CHEM_211
HISP_202,DANC_100
PHYS_111,BIOL_100,BIOL_100
JAPN_201
THEA_207,THEA_215,SOCI_255
ASTR_301
ECON_255
GERM_315,GERM_411,HIST_162,HIST_224,HISP_420,ENGL_399,POLT_208
JAPN_101
JWST_152
LANG_200,APST_726,MUTH_201,MHST_101,MUTH_231
CRWR_223
HIST_180,HIST_214,HIST_427
CHIN_301
FYSP_019
PSYC_200,NSCI_211
PHIL_126
APST_120,APST_142
FYSP_153,FYSP_017,FREN_206,FREN_321
FYSP_066
FYSP_021
ARBC_201,ENGL_399,CMPL_342
BIOL_100
LRNS_102
CRWR_201
MUTH_201
FYSP_109
RHET_103
AAST_237,POLT_244
CMPL_372,CMPL_377,EDPR_102,EDUA_301,ENGL_254,HISP_304
PHIL_126
CLAS_111,ANTH_376,POLT_306
ATHL_455,LEAD_165,ARTS_150
FYSP_066
CHEM_101,ENVS_101,RELG_249
ENVS_201
PHYS_110,PSYC_300
LATN_102,NSCI_361,NSCI_607
ARTS_049
FYSP_071
MUTH_201,TECH_201,MUTH_231,COMP_212,COMP_222,COMP_202,COMP_995
JAZZ_290,PVST_029,MUTH_131
DANC_307,CRWR_120
HISP_202
CHEM_205
JAPN_101
RHET_100
LRNS_102,APST_748,SOCI_361,ATHL_132,APST_748,ATHL_143,CMUS_103,LEAD_201,ATHL_126
SOCI_277
MUTH_101,MUTH_201,MUTH_232,MUTH_202,APST_730
TECH_330,ETHN_302,PVST_043
CRWR_201
RUSS_101,RUSS_102,ECON_101,ENVS_101
EAST_251,CHIN_201
ENGL_385,CMPL_240
PSYC_200
APST_800,PVST_004
CRWR_330,ENGL_282
ATHL_117,ATHL_117
GSFS_347
PSYC_530
FYSP_039
HISP_203
ATHL_117
CRWR_320,CINE_995
GERM_305
MUTH_232
APST_701
FYSP_187,PSYC_218,ARTS_098
MATH_327,PACE_211,PVST_001
CAST_223,AAST_190,ATHL_132
TECH_101
APST_141
HIST_141
PSYC_450
APST_110
APST_804,APST_800
MUTH_202,MUTH_232
LEAD_211,PHYS_110
BIOL_100,ATHL_161,LEAD_150,LEAD_151,ATHL_452
ATHL_124
FREN_301
APST_130,DANC_240,APST_806,APST_843
BIOL_100
TECH_170,APST_140
CRWR_201
GEOL_501,ATHL_510
MHST_275,PVST_010
BIOL_213,CHEM_205,BIOL_213
JAZZ_201,PVST_028
PVST_008
FREN_309
MHST_290,MUTH_231
NSCI_211,ENGL_275
APST_111
STAT_113
RHET_103
TECH_201,MUTH_101,MUTH_130
ATHL_151
PHYS_212,CHEM_213
ENGL_275,ATHL_457,ENGL_367
MATH_231
CHIN_201
BIOL_311
FYSP_037
CHEM_211
POLT_284
POLT_282,RELG_223
MUTH_131,MUTH_101
MUTH_101,TECH_204,MUTH_132,MUTH_102,TECH_291,MUTH_201
ITAL_101,GEOL_201
DANC_300,DANC_303
ARTS_313
APST_804,PVST_012,APST_800,PVST_077
MUTH_101
APST_800,MUTH_102,MUTH_132
ENGL_299
CHIN_301
PVST_001,PVST_027
HISP_442
CHEM_213,RELG_135,CHEM_325
JAPN_102
ACHS_400
HIST_277
PVST_059,PVST_059,RUSS_203
APST_351,APST_361,MHST_226,APST_701
CSCI_151
GREK_312
ENGL_366
HIST_490
CHEM_102
TECH_291
HIST_160
DANC_115,DANC_329,DANC_224
APST_460
MATH_231
SOCI_378
PVST_062
GERM_101,MHST_255,APST_142,APST_800,PVST_002
ENGL_399
PVST_006,APST_330
SOCI_420
APST_110,PVST_004
APST_805,PVST_006,PVST_077,APST_122
BIOL_100
ECON_315
HIST_103
COMP_421,MUTH_201
LEAD_201,JAZZ_995
HISP_319,LATS_100
BIOL_213,PHIL_126
ENGL_218
CHEM_101
ATHL_406
COMP_311,JAZZ_130,MUTH_102,COMP_222
APST_805,CMPL_502
HISP_303
ITAL_102
ARBC_101,HIST_280,ENVS_101
PHYS_110,CSCI_151
MUTH_132,MUTH_132
PSYC_118,APST_810
HISP_318
APST_700
PSYC_995
ECON_245
ATHL_456,ATHL_459
THEA_282,PHIL_231,POLT_333,RELG_329,ATHL_135,ATHL_152,ATHL_161,ATHL_192,CMPL_350,ENGL_299,ENVS_331,HISP_341,HPRF_111,LRNS_103,LRNS_103,CSCI_144,ATHL_102,GSFS_235,HIST_280,HIST_444,HIST_458,MHST_336
ATHL_180
APST_749
HISP_106,ATHL_129
COMP_302
ATHL_400
POLT_421
APST_825,PVST_018
LOND_908
ANTH_491
ITAL_995
CHEM_995
HISP_102
RELG_181
MATH_134
PHYS_104
MATH_550,MATH_551
ECON_255
ARTS_011
EAST_500
JAPN_201
ATHL_181,CRWR_470
PVST_005
PVST_070
PHYS_555
ECON_102
ENVS_324,ENVS_336
DANC_303
CRWR_230,ATHL_145
CRWR_310
HIST_371,BIOL_200
ATHL_159,HIST_105,ATHL_159
PVST_026
ENVS_340
MATH_133
MHST_303
ENVS_430
EAST_163
PSYC_520
ATHL_147
PVST_051,PVST_088
THEA_340
TECH_303,PVST_055
MUTH_102
APST_800,PVST_004,PVST_004
THEA_207
ATHL_600
CMUS_400,PVST_077,MUTH_342
FREN_309
PVST_006
APST_805
PSYC_100
THEA_420
GEOL_201,HIST_307
SOCI_491
PHIL_209
PHIL_126
DANC_300
APST_800,ATHL_117,GERM_101
HPRF_502
MUTH_202
CHEM_103
ENGL_282
CHIN_102
GERM_204
ATHL_133
CSCI_241,CINE_323
APST_802,MUTH_342,APST_800
CINE_995
CRWR_310,GSFS_101,POLT_120
CRWR_201
PVST_002
LANG_101
CRWR_201
APST_821,APST_825,PVST_018
ATHL_600,GEOL_501
PVST_053
APST_111,PVST_008,PVST_073
SOCI_145
MUTH_201
JAZZ_803,PVST_040,PVST_085,JAZZ_301
MUTH_132
MUTH_131
APST_111,ESOL_120,PVST_006
MUTH_102
TECH_203
GERM_101
LEAD_202
APST_800,PVST_051,PROF_108
LANG_100,ATHL_126
THEA_173
ECON_340
MUTH_102
CMUS_100,BIOL_100,ANTH_101,POLT_315
RELG_243
PSYC_570,ATHL_402,APST_460
PHIL_121
CHEM_101,APST_730,PVST_052,PVST_052
ATHL_401,ATHL_405,ATHL_409
MUTH_102,MUTH_102
RHET_100
MUTH_201
PVST_007,APST_285
PVST_004,APST_242
THEA_266
MUTH_231,LANG_200,MHST_101
MUTH_231,PVST_052,APST_262
APST_713
GEOL_120
POLT_267
THEA_320
JAZZ_131
PVST_029
FREN_376
ECON_995,ECON_995
RELG_231
APST_808,PVST_018,PVST_068
GSFS_100
TECH_350
CRWR_212
ENTR_100
RHET_106
PSYC_570
MLIT_212,PVST_007
ARTS_049
AAST_347,GSFS_202,GSFS_304
ARTS_299
RUSS_101,DANC_303,TECH_350,HIST_995,APST_600,DANC_312
ARTS_082,APST_600
PHYS_110
THEA_995
ARTS_074
THEA_320,ITAL_101
PHIL_241
ARTS_599
CSCI_150
SOCI_391
CMUS_400
POLT_403
ARTS_150
MHST_344
PVST_013
ENGL_299
RHET_100
PVST_052
ATHL_460
PHYS_110
HIST_501
CINE_295
MHST_342
HISP_202
RHET_102
EAST_143,RELG_995
ARTS_040,HISP_102,HISP_365
LATS_400,LATS_401
ATHL_452
GERM_101
HIST_995
PVST_030
HIST_273
MUTH_201,APST_212
NSCI_331
ATHL_454
ATHL_403
DANC_222
COMP_350
MUTH_231
APST_110,MUTH_201
APST_214,APST_310,APST_311
ARTS_307
THEA_312
MHST_302
HIST_257
ESOL_130
PVST_012
PVST_001,APST_113,APST_214
PHIL_121
EAST_500
PVST_010,PVST_074
HISP_304
ARTS_089
APST_712,PVST_014
JAPN_401
APST_800
FYSP_187
EAST_144,POLT_247
FYSP_143,FYSP_102,TECH_101
MUTH_131,COMP_301
BIOL_501
APST_748
PVST_006
APST_242
LATN_201
MUTH_995
HISP_203,HISP_203
FYSP_112,MUTH_101,JAZZ_803,PVST_030,JAZZ_803,PVST_030,MUTH_201
PHYS_321,TECH_995
PVST_004
GSFS_216,GSFS_278,ENGL_203
BIOL_100
APST_821,APST_825,PVST_018,PVST_080,PVST_096
CRWR_110
DANC_300,DANC_302
CAST_050
ENVS_201,CHEM_102
POLT_430
ARTS_415
CRWR_310,ENVS_101
CAST_217
APST_704
ECON_253
CLAS_317,CMPL_250
FYSP_152
HISP_101,APST_212
FYSP_093,BIOL_100
PSYC_300,PSYC_530
CRWR_120
ENVS_332
MATH_231
FYSP_043,RUSS_102,RUSS_203
FYSP_076
CHEM_102,CSCI_150,NSCI_335,ATHL_198,NSCI_211
MATH_134
PVST_010,MUTH_131,MUTH_101,FYSP_125
FYSP_120
ATHL_142,PVST_054
ESOL_130
BIOL_100
CHEM_101,PSYC_200
NSCI_211,AAST_199
CMUS_130
ENGL_219
MATH_133
PVST_056,APST_800,CRWR_250
TECH_202
PROF_170
FYSP_145
FYSP_151
SOCI_130,MUTH_202
CRWR_120
POLT_370,RHET_102
THEA_100
FYSP_040
FYSP_034
PSYC_200
JAZZ_803
FYSP_087
CRWR_110,ATHL_402
SOCI_255,ENGL_227
FYSP_087,LEAD_050
SOCI_145
MHST_101
LEAD_050
POLT_135
FYSP_137,MUTH_132
FYSP_016
BIOL_100,BIOL_100
HIST_159
ECON_231
FYSP_022,PVST_051,PVST_051,PVST_051,RHET_401
PSYC_220
RHET_208,CHEM_102
MATH_132,PSYC_100,PSYC_100
FYSP_025,BIOL_100
ARTS_045
FYSP_123
HISP_203
ARTS_012
BIOL_100
ARTS_995
LEAD_050,ECON_255
ENTR_102,MATH_131
FYSP_104
LEAD_050
ENVS_995,HIST_105
MHST_291,MATH_220,CSCI_151,CSCI_151
CHEM_102
ATHL_454
FYSP_147
PHIL_208
NSCI_201
GREK_101,RUSS_101
APST_350
CRWR_201
AAST_203,LEAD_900
ARTS_058,HIST_106
FYSP_071,JWST_150
HISP_359,MATH_231
MUTH_202,MUTH_232,RELG_263
POLT_254,POLT_371
FYSP_077
FYSP_172
FYSP_084
EDUC_300
HISP_334
FYSP_070,EAST_272
MUTH_131
HIST_249
FYSP_115
FYSP_086
GEOL_501,CMUS_130
GERM_101,FYSP_173
ATHL_180
LEAD_150
PVST_032,MUTH_231
MUTH_132,APST_111
GERM_102
THEA_100
MUTH_132,PVST_018,MUTH_201,MUTH_231,APST_821
MUTH_102,MUTH_132
MUTH_201,PVST_028,JAZZ_803,MUTH_231
LEAD_050,PVST_007,APST_285,APST_110,APST_812,APST_111,MUTH_232,PVST_083,CRWR_110
MUTH_201
APST_714,COMP_201
DANC_200
FYSP_114
DANC_200
HIST_202,NSCI_108,ARTS_340
PSYC_215
CMUS_210
THEA_307
LEAD_202
RELG_323
MUTH_102
LEAD_050
FYSP_198
THEA_174
GEOL_204,CHEM_102,RELG_248,EAST_152,ARTS_352
EAST_132
APST_714,APST_800,APST_713,APST_714
COMP_351,COMP_301,PVST_051
PVST_010
ATHL_244
CSCI_150
APST_712,PVST_064
EAST_121
FYSP_134
MUTH_361
MUTH_101
NSCI_332
MUTH_101,MUTH_130
MUTH_101
FYSP_065
ATHL_163
MHST_362,MUTH_131,MUTH_101
PACE_104
MUTH_202,JAZZ_803,JAZZ_803
MUTH_101,APST_110
MUTH_202,APST_800,PVST_014
MHST_101
FYSP_162,ATHL_244,ATHL_600
DANC_303
ECON_101
BIOL_100
CINE_309,PSYC_200
JAPN_101
LEAD_151
APST_142
GERM_101
PVST_012
CSCI_151
CRWR_320
ETHN_222
CINE_290
DANC_400
JAZZ_291
AAST_132,CMUS_800
FREN_380
RELG_241
POLT_326
JAPN_101
JWST_377
PVST_001,MLIT_216
PVST_052,PSYC_608
MUTH_232
ARTS_995
COMP_102,PVST_043
GERM_102
ENVS_504
COMP_302,MUTH_102
FREN_102
HIST_494
TECH_202
PHIL_370
GERM_311
ENGL_299
BIOL_502
THEA_100
ENGL_400
GSFS_416,RTCP_308
PHYS_110
PVST_002
JAPN_101
APST_812
ECON_101
APST_800,PVST_011
RUSS_204
CHEM_254
APST_800,MUTH_231
LANG_101,GERM_102,PVST_052
RUSS_102
GSFS_108
RELG_208
THEA_207
PVST_001
CRWR_340
PVST_034
APST_800,MUTH_340
MUTH_202
ARBC_151
LEAD_150
NSCI_607
ATHL_455
GSFS_201
CHIN_102
BIOL_100
THEA_100
PVST_077
APST_815
ITAL_301
CHIN_202
APST_118,ITAL_102,APST_212,OPTH_202
PVST_021,PVST_022
JAZZ_291
MUTH_201,MUTH_231,OPTH_202
PVST_043
PVST_008,JAPN_102
PVST_028
MUTH_202
COMP_202,ESOL_130
PVST_004
ATHL_407
BIOL_100,ENGL_140
APST_221
ATHL_104
MUTH_131
PVST_024,APST_341
ATHL_131
APST_746
ITAL_995
JWST_377
MUTH_102
CHIN_101
PSYC_560
APST_110
JAZZ_803
ENTR_995
OPTH_307
MLIT_214
THEA_100
PVST_006
CRWR_485
RELG_995
FREN_205
PHIL_250
APST_822,PVST_026,APST_843,APST_745,PROF_140
APST_800
CAST_501
CMPL_400
BIOL_100
PVST_029
FYSP_028
DANC_100
APST_562
CHIN_101
CRWR_110
ARTS_045
FYSP_196
ECON_101
FYSP_004,RELG_250,FYSP_002,FYSP_066,FYSP_130
FYSP_003
ARTS_361
MHST_101,MUTH_132,MUTH_102,PVST_018,APST_821
FYSP_031
FREN_480
FYSP_142
HIST_127
FYSP_013
FYSP_121
CSCI_151,MATH_132
FYSP_041,LEAD_050
EDUC_300
LEAD_050
FYSP_153
CRWR_120
ECON_220
THEA_100
FYSP_086
PVST_003,MUTH_101
LEAD_050
FYSP_092,PHIL_126
LEAD_050,FYSP_014
FYSP_024
FYSP_012
FYSP_162
FYSP_108
LEAD_050
FYSP_114
FYSP_015
FYSP_117
FYSP_071
PHIL_201,ENVS_101
COMP_201
ENGL_213,ECON_101,ATHL_128,RTCP_107,THEA_207
HISP_304
FYSP_007
JAPN_202
FYSP_008
CAST_263,CAST_202
FYSP_154
ARTS_058,GSFS_101
FYSP_146
MATH_133
ARTS_060
FREN_102
FYSP_125
LEAD_050
LEAD_050
LEAD_050
LEAD_050
CHEM_205,GERM_102,BIOL_100
FYSP_185
LEAD_050
FYSP_093
PVST_001,MUTH_131
COMP_301
PACE_103
COMP_211
FYSP_110
LEAD_050
FYSP_017
FREN_102,ENGL_371
ATHL_139
FYSP_023
APST_726
LEAD_050
RHET_100
APST_110
CRWR_210
LEAD_050
FYSP_149
ECON_101
ENVS_999,PACE_212,PACE_222
FYSP_113
FYSP_152
LEAD_050
MATH_134
JWST_150
LEAD_105
PVST_024,PVST_019,HPRF_114
OPTH_202
ESOL_130
FYSP_009
FYSP_137,PVST_036,LEAD_050
BIOL_100
MUTH_132
EAST_995
ATHL_132
GSFS_375,RELG_264
APST_204
SOCI_222
EAST_122
BIOL_336,BIOL_403
CRWR_371,EAST_318,ATHL_162
NSCI_321
BIOL_100
POLT_329
CRWR_238
BIOL_100
ENGL_271
CAST_100
POLT_203
PHYS_311
MUTH_202,MUTH_232
PHYS_111
ECON_491,STAT_336
CHIN_202,GSFS_263
COMP_332
